battery_power,blue,clock_speed,dual_sim,fc,four_g,int_memory,m_dep,mobile_wt,n_cores,pc,px_height,px_width,ram,sc_h,sc_w,talk_time,three_g,touch_screen,wifi,price_range
,no,2.2,no,1.0,no,7,0.6,188,2,,20,756,2549.0,9,7,19,no,no,yes,1
10000.0,yes,1.2,no,13.0,yes,44,0.6,141,2,14.0,1208,1212,1411.0,8,2,15,yes,yes,no,1
1859.0,no,0.5,yes,3.0,no,22,0.7,164,1,7.0,1004,1654,1067.0,17,1,10,yes,no,no,1
1954.0,no,0.5,yes,0.0,no,24,0.8,187,4,0.0,512,1149,700.0,16,3,5,yes,yes,yes,0
1445.0,yes,0.5,no,0.0,no,53,0.7,174,7,14.0,386,836,1099.0,17,1,20,yes,no,no,0
509.0,yes,0.6,yes,,yes,9,0.1,93,5,,1137,1224,10000.0,19,10,12,yes,no,no,0
10000.0,yes,2.9,yes,0.0,no,9,0.1,182,5,1.0,248,874,3946.0,5,2,7,no,no,no,3
10000.0,no,2.8,no,2.0,no,33,0.6,159,4,17.0,607,748,10000.0,18,0,2,yes,no,no,1
1866.0,no,0.5,no,13.0,yes,52,0.7,185,1,17.0,356,563,373.0,14,9,3,yes,no,yes,0
775.0,no,1.0,no,3.0,no,46,0.7,159,2,16.0,862,1864,568.0,17,15,11,yes,yes,yes,0
1131.0,yes,0.5,yes,11.0,no,49,0.6,101,5,18.0,658,878,1835.0,19,13,16,yes,yes,no,1
682.0,yes,0.5,no,4.0,no,19,1.0,121,4,11.0,902,1064,2337.0,11,1,18,no,yes,yes,1
1949.0,no,2.6,yes,,no,47,0.3,199,4,7.0,407,822,10000.0,11,5,20,no,no,yes,1
1602.0,yes,2.8,yes,4.0,yes,38,0.7,114,3,20.0,466,788,1037.0,8,7,20,yes,no,no,0
503.0,no,1.2,yes,,yes,8,0.4,111,3,13.0,201,1245,2583.0,11,0,12,yes,no,no,1
851.0,no,0.5,no,3.0,no,21,0.4,200,5,7.0,1171,1263,478.0,12,7,10,yes,no,yes,0
,yes,0.5,no,16.0,no,33,1.0,150,8,20.0,413,654,508.0,5,1,6,yes,yes,yes,0
1319.0,yes,0.9,no,3.0,yes,41,0.9,107,1,18.0,85,1152,10000.0,18,5,3,yes,yes,yes,1
644.0,yes,2.7,no,0.0,no,22,0.7,157,8,3.0,311,881,1262.0,12,1,15,yes,no,no,0
725.0,no,1.3,yes,16.0,no,60,0.4,160,8,17.0,1134,1249,10000.0,10,4,15,yes,no,no,1
589.0,yes,2.3,yes,1.0,no,61,0.6,160,4,10.0,429,815,2113.0,13,7,2,yes,no,yes,1
10000.0,yes,0.5,yes,5.0,yes,5,0.2,152,2,19.0,685,714,1878.0,15,0,4,yes,yes,no,1
,no,1.0,no,5.0,yes,34,0.1,166,3,7.0,880,1456,1629.0,15,12,14,yes,yes,no,1
1195.0,yes,2.8,no,1.0,yes,20,0.8,110,2,14.0,1580,1652,504.0,9,3,12,yes,yes,no,0
1514.0,no,2.9,no,0.0,no,27,0.2,118,3,1.0,186,1810,1152.0,8,3,20,no,yes,yes,1
1054.0,yes,1.8,yes,3.0,yes,40,0.8,196,7,,27,774,2296.0,16,12,12,yes,no,yes,1
578.0,yes,2.6,yes,2.0,yes,57,0.2,162,8,,1025,1433,1270.0,15,3,5,yes,no,yes,0
1457.0,no,1.9,yes,1.0,yes,16,0.3,102,3,10.0,1013,1287,10000.0,17,8,12,yes,no,yes,1
1936.0,no,2.1,yes,10.0,yes,46,0.6,104,3,20.0,667,1036,,14,7,13,yes,no,no,2
823.0,yes,2.7,yes,13.0,no,60,0.5,148,8,19.0,822,1449,10000.0,14,11,17,yes,yes,yes,0
,no,0.5,no,8.0,no,49,0.5,180,6,14.0,265,713,2056.0,7,5,4,no,no,no,1
1063.0,no,1.4,yes,2.0,yes,48,1.0,128,5,4.0,127,683,2910.0,15,13,9,yes,yes,yes,2
1484.0,no,3.0,no,3.0,no,12,0.6,134,3,,916,969,1457.0,14,4,20,yes,yes,no,1
799.0,yes,2.3,no,1.0,yes,63,0.8,144,8,6.0,361,975,431.0,15,6,6,yes,yes,yes,0
1156.0,yes,1.2,yes,,yes,50,0.8,159,2,0.0,322,547,470.0,7,0,15,yes,yes,no,0
1720.0,no,2.0,no,15.0,yes,55,0.5,168,2,18.0,753,1353,2148.0,14,2,5,yes,yes,yes,2
702.0,no,2.6,yes,,yes,9,0.7,141,3,3.0,504,1570,2955.0,10,4,19,yes,no,no,2
10000.0,no,1.9,yes,,yes,44,0.8,81,3,17.0,651,1618,3366.0,18,8,13,yes,yes,no,3
,no,1.1,yes,0.0,no,10,0.6,165,2,,459,1225,1050.0,11,1,4,yes,no,yes,0
1448.0,yes,0.5,yes,,yes,45,0.8,138,7,11.0,570,1724,3378.0,13,11,2,yes,yes,yes,3
1407.0,yes,2.4,no,1.0,yes,22,0.7,104,4,4.0,1172,1217,2192.0,9,7,13,yes,no,yes,2
605.0,no,1.0,no,8.0,yes,9,0.1,142,3,16.0,160,1026,392.0,15,6,4,yes,no,no,0
1038.0,no,1.2,no,3.0,no,43,0.7,141,1,5.0,4,638,10000.0,11,0,12,yes,yes,yes,3
10000.0,yes,2.9,yes,4.0,no,38,0.5,90,4,6.0,763,1413,590.0,9,2,6,no,yes,no,0
819.0,no,0.6,yes,8.0,yes,42,0.9,188,6,,339,1242,,5,4,13,yes,no,yes,1
1114.0,no,2.8,no,4.0,yes,9,0.4,197,3,15.0,1040,1071,907.0,10,7,17,yes,yes,no,0
1234.0,yes,1.6,yes,1.0,no,33,0.6,172,1,3.0,166,778,1449.0,11,7,6,no,no,yes,0
1103.0,no,1.0,yes,,no,29,0.7,111,6,8.0,990,1486,,8,7,16,no,yes,yes,1
1008.0,no,0.8,no,11.0,no,61,1.0,114,3,15.0,1077,1122,2009.0,10,3,11,yes,no,no,1
1127.0,yes,2.9,yes,5.0,yes,57,0.8,163,1,13.0,928,1049,2048.0,11,5,17,yes,yes,yes,1
1412.0,yes,2.4,no,5.0,no,25,0.8,96,8,17.0,516,1894,837.0,15,9,4,no,no,yes,1
1496.0,yes,2.0,yes,4.0,no,42,0.5,182,5,5.0,96,741,854.0,16,0,7,no,yes,yes,0
668.0,no,0.5,yes,,no,3,0.1,155,5,13.0,666,1203,2746.0,9,5,8,yes,yes,yes,2
10000.0,no,1.1,yes,0.0,no,33,0.5,100,4,14.0,557,1402,2334.0,10,1,11,yes,no,yes,2
,no,2.3,yes,0.0,yes,15,0.4,103,7,0.0,769,802,1410.0,16,10,5,yes,yes,yes,0
879.0,yes,2.5,no,11.0,yes,14,0.7,83,6,15.0,403,1105,349.0,16,10,2,yes,no,yes,0
1322.0,no,1.7,yes,6.0,no,7,0.8,140,3,9.0,177,1990,,19,17,12,no,yes,no,1
1355.0,no,2.3,no,10.0,yes,23,0.2,132,5,16.0,651,891,880.0,19,4,8,yes,yes,no,0
657.0,no,2.5,no,,no,37,0.7,141,2,1.0,476,961,1412.0,14,3,18,no,yes,no,0
593.0,no,0.5,no,6.0,no,31,0.4,156,7,7.0,1233,1317,,6,2,7,yes,no,no,1
1732.0,yes,1.1,no,4.0,yes,12,0.8,119,8,9.0,824,881,,16,7,11,yes,no,yes,1
543.0,no,0.5,no,0.0,no,57,0.7,192,5,,391,984,2413.0,17,14,15,yes,no,no,1
1939.0,yes,2.8,yes,,yes,55,0.6,199,4,10.0,320,520,1047.0,14,10,18,yes,yes,no,0
553.0,no,2.4,yes,,yes,8,0.5,121,7,3.0,325,902,1204.0,11,4,8,yes,yes,yes,0
832.0,no,0.7,yes,2.0,yes,39,0.7,103,4,3.0,125,1504,1799.0,5,2,11,yes,no,yes,1
783.0,no,1.8,yes,0.0,yes,43,1.0,106,3,4.0,1198,1471,2016.0,16,4,18,yes,yes,no,1
617.0,yes,2.3,no,0.0,no,32,0.5,199,7,20.0,768,874,2213.0,18,13,7,no,no,no,1
867.0,no,1.4,yes,0.0,yes,4,0.7,135,6,,70,1974,790.0,13,6,3,yes,yes,no,0
1310.0,yes,1.1,yes,13.0,no,7,1.0,194,5,14.0,117,513,3182.0,8,4,5,yes,yes,no,2
1084.0,yes,2.6,no,3.0,yes,40,0.9,107,3,,322,771,1945.0,15,4,10,yes,yes,no,1
1308.0,no,1.3,yes,8.0,no,46,0.9,199,1,12.0,275,989,488.0,5,3,9,no,yes,no,0
1778.0,no,0.5,no,0.0,no,15,0.5,102,3,,1445,1954,1214.0,5,0,14,yes,no,no,1
772.0,yes,2.4,yes,1.0,yes,10,0.5,80,4,2.0,1242,1712,3242.0,18,11,4,yes,yes,no,3
1564.0,no,2.3,no,4.0,yes,25,0.5,189,6,17.0,1259,1965,1496.0,6,4,7,yes,yes,yes,1
1571.0,no,1.4,no,0.0,yes,19,0.1,100,6,1.0,713,1398,666.0,12,10,13,yes,yes,no,0
1414.0,no,2.0,yes,2.0,no,54,0.8,99,7,3.0,262,829,3799.0,17,7,7,yes,no,yes,3
1790.0,no,2.5,yes,9.0,no,2,0.1,184,1,14.0,622,792,1366.0,7,0,20,yes,yes,yes,1
668.0,no,2.9,yes,7.0,no,30,0.2,195,8,12.0,522,1056,2399.0,10,5,7,yes,yes,yes,1
,yes,0.5,no,0.0,no,16,0.5,108,5,0.0,226,1248,2700.0,12,3,9,no,no,yes,2
1272.0,yes,2.5,yes,0.0,no,22,0.9,133,6,8.0,605,669,2235.0,19,4,4,yes,no,no,1
536.0,no,2.4,yes,12.0,yes,3,0.3,182,7,14.0,1386,1539,,12,9,4,yes,yes,no,0
523.0,no,2.6,yes,1.0,no,14,0.1,155,8,2.0,304,1042,1427.0,9,1,9,no,yes,no,0
,no,1.8,yes,1.0,yes,14,0.5,147,3,4.0,229,616,,17,0,5,yes,no,no,0
1678.0,no,2.1,no,3.0,yes,64,0.9,134,3,11.0,436,536,278.0,19,0,10,yes,yes,no,0
,no,1.4,yes,1.0,yes,9,0.4,141,2,2.0,756,786,3556.0,18,12,16,yes,no,no,3
1101.0,no,1.8,no,0.0,no,31,0.2,148,2,7.0,387,1269,2196.0,12,6,19,no,yes,yes,1
843.0,yes,0.5,no,1.0,yes,56,0.1,147,5,17.0,140,800,,10,1,20,yes,yes,yes,1
1692.0,yes,2.1,no,3.0,yes,61,0.9,176,6,12.0,975,1996,1354.0,16,7,19,yes,no,no,1
1547.0,no,2.9,yes,6.0,no,45,0.7,166,2,8.0,583,590,505.0,12,2,3,no,yes,yes,0
1692.0,no,2.3,yes,4.0,yes,46,0.9,139,1,6.0,674,1925,1394.0,16,10,6,yes,yes,no,1
637.0,no,2.3,no,3.0,yes,60,0.8,97,4,4.0,1125,1989,374.0,18,4,8,yes,no,yes,0
1224.0,no,0.5,no,16.0,yes,6,0.4,109,6,18.0,747,826,506.0,10,0,11,yes,yes,yes,0
,no,0.5,yes,12.0,no,34,0.7,142,1,16.0,311,1545,1078.0,8,0,10,no,no,no,1
1296.0,no,0.9,yes,0.0,yes,14,0.5,124,5,3.0,811,1272,490.0,7,1,4,yes,yes,yes,0
1193.0,no,0.9,no,11.0,no,26,0.5,166,1,20.0,730,1729,536.0,17,14,4,yes,no,yes,0
748.0,yes,1.7,no,0.0,yes,27,0.9,150,8,4.0,450,1554,2126.0,18,9,7,yes,no,no,1
1569.0,no,2.8,yes,17.0,no,44,0.3,110,4,20.0,45,1942,1260.0,9,2,17,yes,no,no,1
1854.0,no,3.0,no,2.0,yes,8,0.1,101,5,5.0,506,627,1886.0,17,4,20,yes,yes,no,1
685.0,no,0.5,no,2.0,no,29,0.8,93,7,10.0,433,648,728.0,14,8,4,no,no,yes,0
801.0,yes,2.2,yes,2.0,no,63,0.4,165,7,,650,879,1617.0,17,4,19,no,no,yes,1
703.0,yes,2.7,no,12.0,yes,30,0.3,113,1,20.0,218,1065,1472.0,14,7,7,yes,no,no,0
10000.0,yes,2.4,no,11.0,no,41,0.2,178,6,12.0,564,831,764.0,19,12,15,yes,no,no,0
1380.0,yes,2.1,yes,1.0,yes,4,0.8,92,3,13.0,420,500,797.0,13,2,15,yes,yes,no,0
1905.0,yes,0.5,no,3.0,yes,6,0.5,151,1,5.0,849,898,1545.0,9,5,10,yes,yes,no,1
1831.0,no,1.4,yes,2.0,no,43,0.9,150,5,5.0,611,1381,,17,7,13,yes,yes,yes,3
596.0,no,1.4,no,8.0,no,46,0.6,165,1,18.0,953,984,,15,4,15,yes,yes,no,1
1523.0,yes,2.4,no,5.0,yes,57,0.2,117,2,6.0,247,539,3971.0,18,12,10,yes,yes,yes,3
1989.0,no,2.5,yes,0.0,yes,41,0.8,94,3,13.0,1100,1497,1665.0,17,9,12,yes,yes,yes,2
609.0,no,0.5,no,3.0,no,26,0.3,93,4,4.0,938,1948,1866.0,11,10,14,yes,yes,yes,1
1905.0,no,0.6,yes,9.0,yes,36,0.4,119,3,20.0,825,1542,,13,4,16,yes,no,no,1
1703.0,yes,0.5,no,0.0,yes,22,0.6,192,1,0.0,286,1235,1046.0,5,4,13,yes,no,yes,0
1445.0,yes,2.4,yes,7.0,yes,20,0.4,173,7,15.0,1273,1345,1441.0,7,4,13,yes,yes,yes,1
,no,1.3,no,0.0,yes,16,0.3,166,3,9.0,295,589,690.0,14,6,6,yes,no,yes,0
765.0,no,0.5,yes,0.0,yes,47,0.3,115,8,1.0,1277,1429,2243.0,11,7,4,yes,no,yes,2
1265.0,no,1.5,no,7.0,no,49,0.7,182,5,16.0,690,836,1362.0,5,0,12,no,no,yes,1
,yes,2.2,no,9.0,no,63,0.5,135,5,17.0,199,1077,1022.0,11,3,13,no,no,no,0
903.0,no,1.0,yes,0.0,yes,50,0.4,91,1,,1230,1235,711.0,9,5,10,yes,yes,no,0
1154.0,no,1.2,yes,0.0,yes,49,0.2,181,8,2.0,541,1499,978.0,5,3,7,yes,no,yes,0
10000.0,no,0.9,no,5.0,yes,17,0.2,194,5,9.0,55,583,1869.0,13,1,16,yes,yes,yes,1
1886.0,no,0.5,no,,yes,24,0.4,112,3,1.0,809,1958,1179.0,16,7,20,yes,no,yes,1
850.0,yes,1.6,yes,6.0,yes,29,0.5,133,5,19.0,404,642,593.0,19,17,10,yes,no,yes,0
660.0,no,0.5,no,5.0,yes,40,0.5,111,2,10.0,262,1178,588.0,6,5,18,yes,yes,yes,0
1225.0,yes,2.1,yes,8.0,no,13,0.5,116,4,12.0,759,1404,3836.0,12,11,11,no,no,no,3
1452.0,yes,0.5,yes,1.0,yes,25,0.9,123,6,11.0,42,1040,2669.0,12,10,13,yes,no,no,2
1151.0,yes,2.9,yes,0.0,no,31,0.6,128,8,,1022,1560,2377.0,18,8,13,no,yes,no,2
1715.0,no,1.0,yes,4.0,yes,31,0.5,83,8,,638,1615,625.0,17,6,13,yes,no,no,0
1442.0,no,1.0,yes,0.0,no,27,0.1,192,3,19.0,231,687,2227.0,6,5,20,yes,yes,no,1
1523.0,yes,1.8,no,6.0,yes,11,0.1,129,1,8.0,148,1606,707.0,19,8,19,yes,yes,no,0
1133.0,no,1.4,no,3.0,no,42,0.1,199,5,12.0,730,1543,1457.0,18,12,20,yes,no,yes,1
1718.0,yes,2.5,yes,14.0,yes,6,0.1,183,5,16.0,564,980,3755.0,7,1,8,yes,yes,yes,3
1330.0,no,0.5,no,0.0,no,38,1.0,183,7,,1290,1441,1733.0,9,0,11,yes,no,yes,1
1799.0,yes,0.5,no,0.0,no,49,0.4,107,4,2.0,632,1383,720.0,12,2,11,yes,yes,yes,0
1918.0,no,1.9,no,2.0,no,10,0.6,110,5,10.0,1170,1543,1717.0,7,1,16,yes,yes,yes,2
1891.0,no,2.8,no,7.0,yes,37,0.4,129,7,14.0,169,1108,,8,6,11,yes,no,no,3
862.0,yes,0.8,yes,3.0,no,23,0.4,165,2,15.0,793,1758,10000.0,16,3,11,no,no,yes,0
1273.0,no,1.0,no,3.0,yes,48,0.4,99,4,,490,886,1767.0,18,15,11,yes,yes,no,1
957.0,yes,2.5,no,4.0,no,7,0.8,107,5,10.0,1201,1485,1846.0,12,5,7,yes,no,yes,1
1617.0,yes,1.3,yes,3.0,yes,30,0.7,105,2,4.0,246,1038,,9,0,10,yes,no,no,0
,no,2.5,yes,,no,55,0.6,183,2,1.0,417,946,2986.0,7,1,6,no,yes,yes,2
708.0,yes,2.7,yes,0.0,yes,63,1.0,195,8,7.0,78,654,2169.0,6,5,7,yes,yes,yes,1
835.0,no,1.1,yes,2.0,no,7,0.2,101,4,7.0,323,1604,1181.0,13,5,15,yes,yes,yes,0
1450.0,yes,2.7,yes,9.0,no,19,0.6,131,1,17.0,707,1882,575.0,15,9,12,no,no,no,0
601.0,yes,1.4,no,4.0,yes,4,0.1,154,4,13.0,356,765,532.0,12,8,10,yes,yes,yes,0
507.0,yes,0.5,yes,1.0,no,32,0.5,141,7,11.0,936,1398,1702.0,17,0,5,yes,yes,yes,1
564.0,no,1.8,yes,0.0,yes,51,0.5,168,3,1.0,912,1980,1074.0,14,8,15,yes,yes,no,0
754.0,no,0.5,yes,,yes,59,0.7,178,7,10.0,1914,1928,1027.0,6,3,5,yes,no,no,1
728.0,no,2.7,yes,0.0,no,25,0.2,88,4,1.0,526,1529,2039.0,5,1,12,yes,yes,yes,1
1431.0,yes,0.5,no,0.0,yes,56,0.6,191,1,,156,952,461.0,7,3,8,yes,no,no,0
767.0,no,1.5,no,4.0,no,28,0.7,175,4,10.0,344,1517,10000.0,10,0,15,no,yes,no,0
1992.0,yes,1.6,no,5.0,yes,57,1.0,100,2,15.0,1552,1596,606.0,9,3,4,yes,yes,yes,1
1054.0,no,1.1,yes,10.0,yes,38,0.4,136,6,12.0,1097,1222,1675.0,18,4,14,yes,yes,yes,1
1281.0,yes,2.3,yes,0.0,no,28,0.3,148,1,,1285,1617,,12,1,6,no,yes,no,1
1066.0,no,0.6,no,2.0,yes,7,0.9,114,7,18.0,1242,1571,468.0,19,13,6,yes,yes,no,0
730.0,no,2.1,yes,0.0,yes,4,0.1,89,8,2.0,302,1247,1210.0,19,15,4,yes,yes,yes,0
1611.0,yes,0.5,yes,11.0,no,3,0.6,98,3,14.0,303,714,1595.0,8,4,9,yes,no,yes,1
1220.0,no,2.9,no,3.0,no,62,0.5,125,4,8.0,403,1933,2589.0,19,11,15,yes,yes,yes,2
1281.0,yes,2.8,yes,3.0,yes,8,0.3,144,4,19.0,590,954,1851.0,8,2,9,yes,yes,no,1
538.0,no,0.8,no,12.0,yes,2,0.8,177,7,13.0,235,662,417.0,8,4,9,yes,no,yes,0
,yes,0.5,no,0.0,no,39,0.4,187,8,4.0,630,888,294.0,13,9,11,no,no,yes,0
1429.0,no,1.5,yes,0.0,yes,40,0.9,100,3,14.0,246,820,3945.0,11,7,18,yes,no,yes,3
1839.0,yes,1.2,no,9.0,yes,54,0.5,200,7,11.0,475,1493,927.0,19,10,18,yes,no,yes,1
659.0,no,2.7,no,6.0,yes,6,0.5,110,3,7.0,1054,1929,2044.0,15,5,2,yes,no,yes,1
10000.0,no,1.9,no,0.0,yes,27,0.7,164,1,3.0,607,1092,1477.0,12,0,6,yes,no,no,1
1191.0,no,1.3,yes,,yes,26,0.8,84,1,20.0,681,683,1604.0,14,3,9,yes,no,yes,1
615.0,yes,0.5,yes,0.0,no,42,0.6,163,6,4.0,104,1664,2211.0,7,4,18,no,no,yes,1
1995.0,yes,1.9,no,6.0,no,9,0.8,139,6,18.0,1830,1963,1203.0,14,12,18,yes,yes,yes,2
832.0,no,1.6,yes,1.0,yes,34,0.3,108,5,,311,1294,447.0,15,13,12,yes,yes,no,0
1162.0,no,2.0,no,0.0,yes,56,0.7,114,7,1.0,56,997,1652.0,5,0,20,yes,no,no,1
1595.0,yes,2.6,no,7.0,no,12,0.3,121,8,19.0,344,655,3608.0,15,1,16,no,yes,no,3
1329.0,yes,1.0,no,1.0,no,52,0.9,181,6,2.0,1053,1458,1228.0,8,6,6,yes,no,yes,1
928.0,yes,0.5,yes,11.0,no,56,0.7,80,8,,221,1243,666.0,19,10,5,no,yes,no,0
10000.0,yes,0.5,yes,8.0,yes,38,0.1,105,7,17.0,506,519,1499.0,12,8,19,yes,no,yes,1
,yes,1.1,yes,2.0,no,57,0.6,181,6,,63,566,1206.0,7,1,8,no,yes,yes,0
768.0,yes,0.9,no,16.0,yes,56,0.1,113,1,20.0,418,515,952.0,19,3,16,yes,no,yes,0
1177.0,no,0.9,no,1.0,yes,29,0.4,191,2,8.0,178,882,311.0,18,5,19,yes,no,no,0
1348.0,no,2.0,no,18.0,no,52,0.3,98,3,20.0,1869,1942,,18,11,7,yes,yes,yes,1
10000.0,no,2.2,no,0.0,yes,37,0.5,87,3,2.0,185,776,1109.0,13,1,19,yes,yes,no,1
1751.0,no,0.5,yes,6.0,no,8,0.6,178,6,20.0,170,564,2969.0,8,6,17,no,no,yes,2
1530.0,no,2.0,no,,no,42,0.8,177,6,13.0,454,1975,725.0,11,10,19,no,no,yes,0
1997.0,yes,1.8,yes,,no,40,0.5,185,4,,866,1212,1655.0,7,6,15,yes,no,no,2
1414.0,yes,1.5,yes,5.0,no,44,0.5,180,2,6.0,44,1118,3490.0,16,12,13,no,yes,no,3
10000.0,no,1.2,no,6.0,yes,41,0.7,184,8,17.0,741,1130,714.0,18,2,13,yes,yes,no,0
1126.0,no,0.7,no,3.0,no,49,0.9,165,8,17.0,114,1726,3739.0,14,1,13,yes,no,no,3
1648.0,no,0.7,no,,yes,64,0.8,170,4,9.0,1153,1876,610.0,8,1,6,yes,yes,no,1
1170.0,yes,0.9,no,6.0,yes,14,0.4,199,2,,474,709,715.0,18,5,20,yes,no,yes,0
508.0,no,0.8,no,7.0,yes,42,0.3,94,1,8.0,39,557,663.0,13,12,7,yes,no,no,0
1097.0,no,2.1,yes,6.0,no,64,0.2,161,3,8.0,419,1914,10000.0,14,5,9,yes,no,yes,1
728.0,no,1.7,yes,0.0,yes,5,0.6,101,2,20.0,584,775,834.0,16,0,5,yes,yes,no,0
1379.0,yes,2.1,yes,14.0,yes,63,1.0,83,1,17.0,207,1370,651.0,9,6,7,yes,yes,no,0
1698.0,no,2.1,no,5.0,yes,18,0.9,160,6,20.0,363,994,796.0,13,3,14,yes,no,yes,0
920.0,no,2.1,yes,5.0,no,25,0.4,115,7,,209,1078,,10,7,5,no,yes,yes,0
1995.0,yes,0.5,no,6.0,no,26,0.2,129,1,15.0,649,1104,1322.0,15,11,7,no,yes,yes,1
972.0,yes,0.5,yes,,no,13,0.4,193,5,8.0,1392,1795,1615.0,11,6,13,no,yes,no,1
662.0,no,0.5,no,5.0,no,20,0.8,138,1,10.0,1001,1224,2125.0,17,15,15,no,yes,yes,1
1867.0,no,2.3,no,0.0,yes,9,0.1,191,6,3.0,712,1442,990.0,6,1,2,yes,no,yes,1
1730.0,no,2.0,yes,0.0,yes,20,0.1,143,4,10.0,418,1023,1595.0,14,0,12,yes,yes,no,1
1723.0,yes,1.0,no,1.0,yes,7,0.6,126,3,17.0,384,1361,1213.0,5,0,16,yes,yes,yes,1
1882.0,yes,1.3,yes,8.0,no,47,0.2,140,2,13.0,119,652,2500.0,17,1,11,no,no,yes,2
668.0,no,2.3,no,,yes,48,0.3,114,1,19.0,195,1292,1201.0,14,12,4,yes,yes,no,0
811.0,yes,2.4,yes,,yes,2,0.3,106,6,13.0,333,1429,,18,7,2,yes,no,yes,1
1989.0,yes,2.9,yes,8.0,no,17,0.1,193,8,15.0,629,682,2369.0,7,0,18,yes,yes,no,2
618.0,no,2.1,no,2.0,no,6,0.3,86,1,4.0,1314,1688,1051.0,13,10,15,no,no,yes,0
654.0,yes,1.3,no,0.0,yes,52,0.7,196,4,,1715,1898,1036.0,17,4,13,yes,no,no,1
667.0,yes,0.6,no,6.0,yes,3,0.7,185,6,13.0,13,1463,2855.0,5,0,19,yes,no,yes,2
609.0,yes,3.0,no,15.0,yes,44,0.3,117,1,16.0,58,1253,2581.0,15,11,15,yes,no,yes,1
1604.0,yes,1.7,no,2.0,no,33,1.0,191,8,5.0,134,939,916.0,13,10,12,no,yes,yes,0
1610.0,yes,2.9,no,7.0,yes,64,0.9,181,4,12.0,1236,1280,941.0,8,4,9,yes,yes,no,1
1828.0,yes,2.1,yes,0.0,no,17,0.9,199,1,1.0,336,898,2280.0,17,14,4,no,no,no,2
880.0,no,2.0,yes,1.0,yes,50,0.5,194,7,3.0,1116,1381,827.0,15,9,6,yes,no,yes,0
1394.0,yes,0.9,yes,10.0,yes,62,0.3,175,5,13.0,1010,1565,473.0,11,1,20,yes,yes,no,0
809.0,no,0.8,no,10.0,no,21,0.9,91,7,19.0,1453,1726,1274.0,18,7,3,no,no,no,1
10000.0,no,0.5,yes,13.0,yes,57,0.9,172,2,,788,1331,364.0,11,1,7,yes,yes,no,0
1976.0,yes,0.7,yes,4.0,no,32,0.8,171,2,7.0,1301,1922,3699.0,17,11,13,no,yes,yes,3
916.0,yes,2.6,no,0.0,no,36,0.3,195,4,12.0,188,992,1470.0,13,0,14,no,yes,no,0
763.0,no,1.7,yes,8.0,yes,2,0.5,92,8,14.0,1028,1186,1050.0,6,4,8,yes,yes,no,0
1725.0,no,0.5,yes,,yes,52,1.0,185,6,12.0,1125,1195,1243.0,19,18,5,yes,yes,yes,1
,no,1.1,no,4.0,yes,36,0.2,131,7,18.0,481,749,2261.0,7,6,16,yes,yes,yes,1
1703.0,yes,1.5,yes,17.0,yes,55,0.7,138,5,19.0,1411,1711,2993.0,5,1,20,yes,yes,yes,3
1067.0,yes,1.7,yes,0.0,no,58,0.5,135,7,0.0,79,681,,12,9,16,no,yes,no,0
775.0,yes,2.6,no,0.0,no,30,0.4,189,7,10.0,561,1510,2523.0,17,16,9,yes,no,yes,2
10000.0,yes,0.6,no,0.0,no,26,0.1,151,2,,96,814,336.0,13,11,4,yes,no,yes,0
930.0,yes,1.3,yes,1.0,yes,14,0.4,97,6,10.0,77,1025,2457.0,11,7,17,yes,yes,no,1
1058.0,no,1.5,no,2.0,no,19,0.4,166,4,14.0,493,1247,,9,7,16,no,no,yes,0
1187.0,yes,2.2,no,,yes,46,0.4,145,2,9.0,1173,1814,3917.0,13,11,8,yes,no,yes,3
,yes,2.7,yes,10.0,no,8,0.9,166,7,13.0,964,1233,1246.0,8,1,2,no,no,yes,1
864.0,yes,3.0,yes,0.0,yes,54,0.7,187,2,1.0,127,1670,10000.0,18,2,16,yes,yes,yes,2
560.0,no,0.5,no,14.0,no,23,1.0,146,8,15.0,356,1903,2360.0,17,16,18,no,yes,yes,1
1036.0,yes,2.4,no,,no,39,0.2,119,7,3.0,373,926,2101.0,10,7,2,no,yes,no,1
1375.0,yes,1.1,no,3.0,yes,9,0.9,145,7,19.0,475,726,,19,18,10,yes,yes,yes,3
1945.0,no,1.6,yes,0.0,yes,57,0.3,195,4,1.0,743,1753,,14,1,14,yes,yes,no,1
1896.0,no,0.5,yes,8.0,yes,7,0.4,141,2,13.0,447,794,3684.0,9,7,18,yes,no,no,3
788.0,no,2.5,yes,4.0,yes,57,0.9,91,8,12.0,42,1161,,12,8,6,yes,yes,yes,3
880.0,yes,1.7,yes,0.0,no,33,0.7,173,2,2.0,30,1350,1414.0,12,1,7,yes,yes,no,0
,yes,2.5,yes,,yes,28,0.2,131,4,12.0,162,619,,10,0,15,yes,yes,yes,1
1476.0,yes,1.2,yes,0.0,yes,55,0.1,171,4,5.0,1641,1666,1529.0,13,8,3,yes,no,yes,2
1552.0,yes,2.2,no,,yes,13,0.2,123,6,9.0,269,1026,2403.0,9,2,9,yes,yes,yes,2
652.0,yes,2.4,yes,9.0,yes,17,0.7,173,5,11.0,77,559,10000.0,12,10,12,yes,no,no,0
1029.0,yes,1.9,yes,5.0,yes,5,0.2,171,5,8.0,264,956,,15,7,4,yes,yes,yes,0
10000.0,yes,0.8,yes,12.0,no,48,0.7,99,5,17.0,694,882,1141.0,5,2,6,no,no,yes,1
755.0,yes,2.8,no,5.0,yes,51,0.3,186,4,12.0,315,990,2734.0,10,1,16,yes,no,yes,2
,yes,2.0,no,1.0,no,54,0.3,161,8,5.0,329,1053,2330.0,19,5,20,no,yes,no,1
651.0,yes,0.8,yes,2.0,yes,63,0.2,176,5,4.0,548,858,2244.0,14,9,19,yes,yes,no,1
1483.0,no,2.1,no,1.0,yes,54,0.2,176,7,2.0,531,758,1851.0,15,13,2,yes,yes,no,1
914.0,yes,0.9,no,,no,4,0.8,100,2,12.0,191,1495,808.0,11,7,5,yes,yes,no,0
1456.0,yes,0.5,yes,7.0,no,7,0.4,105,5,,823,1104,1587.0,6,5,20,yes,no,yes,1
10000.0,yes,0.7,no,10.0,yes,43,0.2,166,4,,841,1304,2122.0,15,1,2,yes,no,no,2
1681.0,yes,2.5,no,2.0,no,11,0.4,158,2,13.0,195,1205,1122.0,12,6,16,no,yes,yes,0
1190.0,yes,2.2,yes,9.0,no,47,0.3,186,6,10.0,1417,1441,10000.0,9,3,19,yes,yes,yes,0
1197.0,no,1.3,no,3.0,yes,20,0.5,149,6,7.0,649,1629,1797.0,19,5,4,yes,yes,yes,1
1048.0,yes,0.9,no,10.0,yes,28,0.8,194,2,,966,1975,1458.0,5,1,15,yes,no,yes,1
1772.0,yes,0.5,yes,3.0,no,64,0.7,116,8,15.0,270,545,1834.0,5,2,20,no,yes,yes,1
1464.0,no,0.5,yes,0.0,yes,17,0.7,153,6,8.0,418,1341,1277.0,13,6,19,yes,no,no,1
728.0,no,2.3,yes,4.0,no,23,0.8,111,4,5.0,126,817,457.0,17,10,16,yes,yes,yes,0
954.0,yes,0.5,no,,no,50,0.3,134,2,,228,1058,438.0,17,0,2,yes,no,no,0
1472.0,no,2.8,yes,1.0,no,36,0.5,130,6,10.0,1452,1744,10000.0,12,11,7,yes,yes,no,1
1469.0,no,2.1,no,0.0,no,8,0.7,123,7,0.0,398,1133,1052.0,8,1,3,no,yes,no,0
1310.0,yes,2.3,yes,6.0,no,57,0.9,135,8,9.0,449,889,1175.0,16,0,8,no,no,no,0
1654.0,no,1.8,no,1.0,no,11,0.3,146,7,2.0,1184,1719,1070.0,8,1,14,yes,yes,yes,1
1448.0,no,1.4,yes,13.0,no,26,1.0,156,3,16.0,1792,1850,10000.0,12,9,6,no,yes,no,1
1631.0,no,0.9,yes,2.0,yes,3,0.1,198,7,12.0,177,1905,301.0,13,5,13,yes,no,no,0
1608.0,no,1.8,yes,7.0,no,28,0.4,183,2,13.0,1013,1158,489.0,15,11,8,no,no,yes,0
1844.0,yes,2.3,yes,1.0,no,51,0.7,158,8,,533,882,1724.0,5,1,14,no,yes,yes,1
712.0,yes,0.5,yes,3.0,yes,35,0.2,84,2,,558,1208,10000.0,16,12,4,yes,yes,yes,1
972.0,yes,1.7,no,0.0,yes,54,0.7,107,3,4.0,681,1050,1900.0,16,8,19,yes,no,yes,1
1289.0,no,0.9,no,10.0,yes,25,1.0,178,6,12.0,765,899,1043.0,6,2,11,yes,yes,no,0
,no,1.3,no,1.0,no,64,0.7,154,7,2.0,1176,1224,10000.0,8,7,9,yes,yes,yes,3
1172.0,yes,2.1,yes,4.0,no,41,0.1,95,3,,1314,1884,10000.0,7,3,5,no,no,no,1
664.0,no,1.2,yes,0.0,no,28,0.9,106,5,,754,1497,2042.0,17,15,19,yes,yes,no,1
513.0,yes,0.5,no,6.0,yes,44,0.1,186,4,12.0,619,867,10000.0,5,1,9,yes,yes,no,0
1986.0,no,0.5,yes,3.0,yes,51,0.1,165,8,20.0,282,1358,1614.0,17,12,3,yes,yes,yes,1
965.0,yes,1.5,yes,5.0,no,13,1.0,109,2,14.0,130,998,1138.0,9,8,10,no,yes,no,0
1067.0,yes,2.4,yes,3.0,yes,40,0.6,122,8,15.0,494,1989,604.0,16,14,11,yes,no,no,0
1583.0,yes,1.6,no,5.0,yes,42,0.8,118,3,10.0,275,862,3652.0,14,10,9,yes,no,no,3
10000.0,no,1.6,no,7.0,no,4,0.7,133,8,11.0,281,799,258.0,11,9,4,yes,yes,yes,0
765.0,no,2.9,no,0.0,yes,18,0.1,153,7,,6,793,1066.0,11,1,16,yes,yes,no,0
1845.0,yes,0.5,yes,10.0,no,61,0.3,96,1,,292,695,,9,5,6,no,no,no,1
1077.0,no,2.5,yes,0.0,yes,45,1.0,174,3,4.0,897,1304,1965.0,6,2,6,yes,yes,no,1
932.0,yes,0.5,no,1.0,yes,60,0.7,104,4,2.0,268,1078,,6,1,19,yes,yes,no,0
601.0,no,2.1,no,4.0,no,26,0.3,101,4,18.0,509,548,918.0,9,1,12,no,no,no,0
1417.0,yes,2.7,no,2.0,yes,56,0.9,114,6,4.0,494,1649,590.0,11,3,6,yes,no,yes,0
1330.0,yes,1.3,yes,,no,3,0.3,83,5,17.0,980,1262,,14,6,11,no,no,yes,0
1579.0,yes,1.5,no,0.0,no,27,0.2,142,6,18.0,831,1484,1713.0,16,4,10,yes,yes,yes,1
1277.0,no,3.0,no,0.0,yes,41,0.3,200,4,,902,1090,10000.0,9,4,14,yes,yes,yes,0
1949.0,no,1.8,no,0.0,no,20,0.8,186,5,4.0,518,592,1125.0,17,10,9,no,no,no,1
1138.0,no,1.1,no,,yes,48,0.6,109,3,14.0,233,1777,2048.0,6,0,18,yes,yes,yes,2
685.0,no,2.7,no,7.0,no,17,0.3,174,6,20.0,725,870,1223.0,8,0,18,yes,no,yes,0
1889.0,no,2.8,no,5.0,yes,31,1.0,132,1,10.0,170,1106,3672.0,5,1,3,yes,yes,yes,3
857.0,yes,2.0,yes,3.0,no,17,0.2,195,7,9.0,157,948,3100.0,17,5,13,yes,yes,no,2
,no,2.8,yes,,no,50,0.8,124,8,9.0,1142,1393,343.0,11,8,18,no,yes,no,0
1225.0,yes,2.4,no,0.0,no,15,0.1,155,5,0.0,840,982,1970.0,16,8,15,yes,yes,no,1
1066.0,no,1.6,no,5.0,no,39,0.6,131,5,17.0,401,1586,2728.0,6,0,17,yes,yes,yes,2
1337.0,no,0.5,no,13.0,no,31,0.8,186,2,20.0,48,644,,7,4,16,yes,no,yes,1
869.0,no,1.3,yes,3.0,no,34,0.1,104,2,4.0,478,539,3864.0,13,3,11,yes,no,no,3
,yes,0.5,yes,1.0,no,54,0.1,104,8,,581,750,1155.0,7,1,20,no,no,yes,0
1661.0,yes,0.8,yes,1.0,yes,6,1.0,109,7,2.0,594,1337,864.0,9,8,2,yes,no,yes,1
1438.0,no,2.2,no,0.0,yes,32,0.6,176,7,6.0,683,1663,869.0,19,13,9,yes,yes,yes,0
1661.0,yes,1.4,no,0.0,no,29,0.3,119,2,,536,861,591.0,9,2,9,yes,yes,yes,0
1846.0,yes,0.6,no,1.0,no,19,0.7,159,1,2.0,83,773,1333.0,15,6,11,no,yes,yes,1
,yes,0.5,yes,,no,15,0.9,83,3,15.0,249,1849,2610.0,18,14,15,no,yes,yes,2
1872.0,yes,2.3,no,6.0,no,44,0.7,134,3,15.0,459,1259,,9,4,15,yes,no,yes,2
1678.0,yes,2.3,yes,,no,7,0.5,192,1,14.0,418,1763,574.0,5,3,19,yes,no,no,0
1417.0,yes,0.5,no,10.0,yes,45,0.9,166,4,19.0,364,1029,2129.0,13,9,12,yes,no,yes,1
1074.0,no,2.4,yes,2.0,yes,9,0.9,103,6,14.0,946,952,10000.0,13,1,18,yes,yes,yes,1
1039.0,no,1.3,no,0.0,yes,12,0.8,200,8,0.0,1428,1827,10000.0,7,1,10,yes,yes,yes,1
1928.0,yes,1.8,no,9.0,yes,19,1.0,187,3,20.0,691,1580,3777.0,7,2,13,yes,yes,yes,3
1128.0,yes,1.1,no,9.0,yes,46,0.9,135,8,10.0,751,1582,1434.0,5,0,11,yes,no,no,1
1413.0,no,0.5,yes,5.0,no,51,0.3,117,5,11.0,187,517,3383.0,16,5,2,no,no,no,3
825.0,no,0.5,yes,0.0,yes,23,0.1,86,2,0.0,206,1917,3278.0,8,6,2,yes,no,yes,3
1589.0,yes,1.4,no,3.0,yes,26,0.1,100,8,16.0,1673,1759,3970.0,16,8,18,yes,no,yes,3
1821.0,no,0.9,no,,yes,12,0.3,114,1,18.0,97,1803,2430.0,7,4,6,yes,yes,yes,2
,yes,2.6,no,3.0,yes,38,0.7,119,6,8.0,129,915,891.0,18,3,9,yes,yes,no,0
10000.0,yes,0.8,yes,3.0,no,8,0.1,193,5,10.0,1213,1354,728.0,13,5,8,yes,yes,no,0
,yes,0.5,no,3.0,no,17,0.5,182,4,,628,632,,7,3,9,yes,no,yes,1
,no,1.9,no,0.0,no,31,0.4,152,8,7.0,837,1642,2447.0,16,2,3,yes,yes,yes,2
577.0,no,2.4,no,8.0,yes,37,0.9,161,6,20.0,1087,1450,814.0,11,7,19,yes,yes,yes,0
704.0,no,2.2,yes,4.0,no,53,0.2,186,6,6.0,251,1013,,7,1,15,yes,yes,yes,2
525.0,yes,0.5,yes,5.0,no,51,0.5,137,8,11.0,262,1587,,18,3,12,no,yes,no,1
504.0,yes,0.5,yes,5.0,no,16,0.1,166,1,9.0,767,1665,701.0,17,15,15,yes,no,yes,0
,no,0.6,yes,2.0,no,39,0.1,184,8,9.0,389,739,2811.0,7,6,7,yes,no,yes,1
1590.0,no,1.9,yes,3.0,yes,21,1.0,160,5,18.0,920,963,1701.0,11,4,4,yes,no,yes,1
707.0,no,0.5,no,0.0,yes,16,0.1,194,2,0.0,1027,1508,1853.0,17,14,12,yes,yes,yes,1
767.0,no,1.9,no,16.0,yes,19,0.2,185,6,17.0,271,1000,,6,1,6,yes,yes,yes,1
1350.0,yes,0.5,yes,0.0,yes,50,0.8,181,8,4.0,369,544,2287.0,15,1,8,yes,yes,no,1
1002.0,no,0.8,yes,0.0,yes,35,0.5,83,2,4.0,1345,1416,1726.0,16,5,19,yes,no,yes,1
1900.0,yes,2.0,yes,1.0,no,41,0.5,190,8,6.0,912,1596,850.0,5,1,4,yes,yes,yes,1
726.0,no,2.9,no,,no,43,0.1,101,8,0.0,666,760,1446.0,17,2,8,yes,yes,no,0
1544.0,no,2.3,no,12.0,yes,45,0.1,113,8,20.0,236,857,1300.0,8,7,18,yes,yes,no,1
1454.0,yes,1.6,no,6.0,yes,21,0.2,160,4,10.0,186,1100,719.0,14,10,10,yes,yes,yes,0
10000.0,yes,2.2,yes,6.0,no,26,0.8,123,5,7.0,416,676,988.0,11,5,9,no,yes,yes,0
1552.0,no,1.2,no,10.0,yes,53,0.3,180,8,18.0,430,658,2606.0,13,6,12,yes,no,no,2
1191.0,no,2.4,yes,2.0,no,13,0.9,169,1,7.0,179,1813,1028.0,14,6,8,yes,yes,yes,0
1229.0,no,0.5,yes,15.0,no,14,0.8,191,2,16.0,120,1878,1667.0,17,6,17,no,no,yes,1
1290.0,no,0.5,no,0.0,no,3,0.1,143,6,4.0,600,1109,1214.0,9,8,15,no,yes,yes,1
,yes,0.5,no,12.0,no,32,0.1,113,7,15.0,1350,1949,,15,14,14,no,no,yes,0
1170.0,yes,1.2,no,4.0,no,30,0.4,83,8,15.0,27,1722,1073.0,6,4,8,yes,yes,no,0
1269.0,yes,1.3,no,14.0,no,52,0.8,118,2,15.0,1597,1920,665.0,18,5,5,no,no,no,1
,no,1.0,no,4.0,no,24,0.3,80,7,13.0,250,545,861.0,7,4,6,yes,no,yes,0
934.0,no,1.1,no,7.0,no,24,0.8,112,5,,1111,1463,1017.0,12,7,9,no,no,yes,0
1195.0,no,2.0,yes,1.0,yes,23,0.1,82,4,9.0,163,1100,980.0,13,9,17,yes,no,no,0
,no,2.9,yes,,yes,24,0.3,169,5,17.0,361,809,1257.0,16,10,16,yes,no,no,0
,yes,0.6,yes,0.0,yes,5,0.2,198,3,8.0,338,1306,759.0,9,3,14,yes,yes,no,0
739.0,yes,2.3,yes,2.0,yes,58,0.1,88,3,4.0,1052,1536,,7,6,6,yes,no,yes,0
704.0,yes,2.7,no,8.0,yes,29,0.2,80,1,,1108,1509,1122.0,9,3,10,yes,yes,yes,0
1663.0,yes,0.5,no,0.0,no,40,0.6,147,4,15.0,951,1545,1336.0,8,5,15,yes,no,no,1
1219.0,no,1.0,yes,0.0,no,17,0.7,196,5,4.0,473,1022,705.0,11,3,6,no,yes,yes,0
1263.0,no,0.5,no,12.0,no,64,0.3,175,5,18.0,178,1883,1183.0,14,3,17,no,no,yes,1
652.0,no,0.5,yes,1.0,no,58,0.6,142,3,2.0,464,781,565.0,18,12,9,no,no,yes,0
1137.0,no,2.2,no,6.0,yes,3,0.9,173,5,7.0,1250,1285,316.0,15,14,17,yes,no,no,0
1835.0,yes,2.3,no,4.0,yes,11,0.1,193,7,,385,583,448.0,18,17,14,yes,no,no,0
1170.0,no,2.9,yes,2.0,no,40,0.4,169,6,5.0,427,684,2366.0,16,8,2,yes,yes,yes,1
,yes,2.0,no,0.0,no,12,0.3,122,8,7.0,240,904,462.0,6,3,5,no,no,no,0
1770.0,no,2.3,yes,0.0,no,7,0.8,128,7,6.0,886,1552,1480.0,6,1,17,yes,no,no,1
1312.0,no,0.5,yes,0.0,yes,28,0.8,163,2,0.0,1233,1854,1087.0,17,16,14,yes,no,no,1
922.0,no,1.5,yes,1.0,yes,35,0.9,188,7,15.0,1016,1383,,19,6,4,yes,yes,yes,0
1430.0,yes,0.9,no,,no,56,0.1,179,3,5.0,569,906,,17,8,17,no,no,yes,0
1958.0,yes,1.9,yes,0.0,no,4,0.2,190,2,3.0,304,637,1409.0,16,5,3,no,no,no,1
1836.0,yes,2.1,yes,0.0,yes,30,0.2,184,7,15.0,276,1230,3072.0,7,3,5,yes,yes,no,3
557.0,yes,1.6,no,0.0,no,24,0.5,125,3,0.0,1131,1315,1305.0,12,8,3,yes,no,yes,0
539.0,yes,0.6,yes,9.0,no,21,0.1,145,7,,551,599,3597.0,14,5,9,no,no,no,2
1109.0,yes,2.7,yes,1.0,no,39,0.4,98,1,9.0,1391,1787,1524.0,15,10,7,yes,yes,yes,1
10000.0,yes,0.5,no,5.0,yes,36,0.1,197,6,18.0,1060,1970,584.0,17,14,13,yes,yes,no,1
644.0,yes,1.3,yes,7.0,yes,30,0.5,114,1,16.0,1140,1654,10000.0,9,0,19,yes,no,yes,2
1919.0,no,1.5,no,5.0,yes,48,0.8,150,4,6.0,304,1191,1391.0,19,13,12,yes,no,yes,1
501.0,no,2.3,no,12.0,yes,54,0.3,131,4,19.0,504,1089,2346.0,13,12,2,yes,no,yes,1
1620.0,yes,2.2,yes,0.0,yes,30,0.2,185,3,3.0,832,1033,606.0,6,0,18,yes,no,no,0
1227.0,yes,1.1,yes,0.0,no,34,0.2,130,3,3.0,935,1781,10000.0,7,3,12,no,yes,yes,1
1359.0,yes,0.5,yes,,yes,58,0.5,107,6,3.0,446,901,1076.0,16,8,4,yes,yes,yes,0
1914.0,no,0.7,no,1.0,no,35,0.6,118,8,2.0,942,1701,643.0,17,1,8,yes,no,yes,1
1645.0,yes,1.8,no,1.0,no,21,0.7,123,7,2.0,897,1308,783.0,10,8,20,yes,no,no,0
946.0,no,2.1,no,0.0,yes,19,0.2,154,8,0.0,159,630,2104.0,7,4,16,yes,yes,no,1
1231.0,no,1.2,yes,5.0,no,54,0.8,185,3,10.0,632,1184,1762.0,5,3,6,yes,yes,no,1
701.0,yes,0.7,no,7.0,no,15,0.5,160,3,11.0,1002,1256,1756.0,6,3,17,yes,yes,yes,1
1993.0,yes,0.5,no,10.0,yes,27,0.3,147,8,11.0,150,510,10000.0,14,0,9,yes,no,no,2
955.0,no,0.5,yes,4.0,no,43,0.9,143,5,8.0,1248,1511,1432.0,12,9,9,yes,yes,yes,1
924.0,no,0.5,yes,0.0,yes,47,0.3,167,8,6.0,108,1813,1620.0,17,15,12,yes,no,no,1
600.0,no,0.5,no,0.0,no,14,0.8,112,5,2.0,320,747,1655.0,18,0,9,no,no,no,0
1063.0,yes,2.5,no,0.0,yes,31,0.9,95,6,10.0,295,935,,16,6,5,yes,yes,no,0
1715.0,no,1.9,no,4.0,yes,3,0.1,171,5,6.0,79,1652,514.0,7,4,13,yes,no,no,0
543.0,yes,0.5,yes,4.0,yes,60,0.7,132,5,7.0,693,1031,933.0,14,0,5,yes,yes,no,0
1762.0,yes,2.7,yes,13.0,yes,25,0.9,189,1,14.0,300,527,1896.0,14,10,20,yes,yes,yes,1
709.0,yes,2.0,yes,0.0,no,35,0.1,136,1,0.0,1545,1596,1973.0,12,9,16,no,yes,yes,1
10000.0,yes,1.7,yes,1.0,no,25,0.2,182,7,18.0,91,1478,824.0,15,5,13,yes,no,yes,0
571.0,no,1.6,yes,8.0,no,35,0.2,186,7,,177,1282,,13,5,8,yes,yes,no,1
666.0,yes,0.5,yes,7.0,yes,54,0.4,81,3,13.0,58,1353,1254.0,15,9,9,yes,yes,yes,0
1778.0,no,1.4,yes,3.0,yes,45,1.0,132,4,17.0,88,516,1624.0,15,13,9,yes,yes,no,1
,yes,0.6,no,9.0,yes,50,0.2,117,4,10.0,1446,1754,2574.0,10,1,5,yes,no,yes,2
,no,2.0,no,1.0,no,36,0.3,179,3,,181,1703,950.0,17,9,9,yes,no,no,0
1897.0,no,3.0,no,1.0,yes,21,0.5,192,8,2.0,1311,1935,273.0,17,6,3,yes,yes,yes,0
,no,0.5,yes,6.0,yes,46,0.7,200,3,9.0,1791,1898,,16,13,15,yes,yes,yes,1
914.0,yes,0.5,no,0.0,yes,26,0.7,147,4,0.0,706,721,1122.0,12,9,2,yes,yes,yes,0
1721.0,yes,0.5,yes,4.0,yes,33,0.5,128,4,5.0,871,1048,707.0,19,2,5,yes,yes,yes,0
890.0,yes,2.2,yes,4.0,no,44,0.5,198,8,13.0,1074,1873,751.0,7,3,3,no,no,no,0
723.0,no,0.5,no,0.0,yes,3,0.2,168,4,3.0,920,1748,,15,3,16,yes,no,no,1
852.0,no,1.0,yes,4.0,yes,62,0.7,104,7,,293,1159,2253.0,17,4,7,yes,yes,no,1
1979.0,yes,1.6,yes,0.0,no,32,0.2,165,7,1.0,833,1630,452.0,13,6,14,no,yes,no,0
710.0,yes,0.5,no,6.0,no,32,0.8,151,5,9.0,485,857,1419.0,12,11,18,no,yes,no,0
1034.0,no,2.6,yes,2.0,yes,45,0.3,190,3,4.0,182,1293,969.0,15,1,7,yes,no,no,0
1260.0,no,0.6,no,5.0,yes,13,1.0,106,6,6.0,165,736,2710.0,13,1,8,yes,yes,no,2
1793.0,no,1.8,yes,10.0,no,12,0.5,169,6,17.0,1086,1418,,16,14,15,yes,yes,yes,3
675.0,no,2.3,no,10.0,no,60,0.9,144,5,15.0,192,757,1735.0,7,0,13,yes,no,yes,0
1694.0,yes,0.6,no,0.0,yes,34,0.3,102,7,7.0,377,549,2298.0,17,5,2,yes,yes,no,2
804.0,yes,0.8,yes,12.0,yes,41,0.9,89,1,13.0,709,818,2027.0,11,5,11,yes,no,no,1
706.0,no,0.5,no,13.0,yes,31,0.1,108,3,19.0,543,938,2419.0,8,7,4,yes,no,yes,1
,no,0.5,no,3.0,no,25,0.8,131,7,9.0,553,1505,995.0,7,6,18,no,yes,yes,0
768.0,no,0.5,yes,0.0,no,19,0.9,159,2,1.0,637,991,1145.0,19,1,7,no,no,yes,0
10000.0,no,2.9,yes,8.0,yes,41,0.1,155,4,12.0,113,577,626.0,10,4,4,yes,yes,yes,0
705.0,yes,0.5,no,5.0,yes,57,0.9,155,6,9.0,1114,1374,1509.0,15,11,18,yes,yes,yes,1
1486.0,no,2.6,no,7.0,no,52,0.1,85,4,15.0,1430,1747,297.0,13,1,15,no,yes,no,0
986.0,yes,1.5,no,,yes,23,0.8,183,8,3.0,471,800,2385.0,16,9,19,yes,no,no,1
1310.0,no,1.4,no,0.0,no,33,0.4,105,1,14.0,806,1016,1301.0,13,12,19,no,no,yes,1
560.0,yes,2.0,yes,6.0,yes,57,0.3,81,3,12.0,80,1327,2167.0,11,10,7,yes,no,yes,1
10000.0,yes,2.9,yes,0.0,yes,19,1.0,176,3,,1331,1532,10000.0,8,2,2,yes,yes,yes,0
561.0,yes,2.1,yes,7.0,yes,2,0.1,193,3,13.0,1055,1294,665.0,10,0,4,yes,yes,no,0
1717.0,yes,1.3,no,1.0,no,62,0.7,130,1,3.0,609,810,3226.0,6,4,5,no,yes,no,3
535.0,no,1.5,no,1.0,yes,48,0.7,113,1,4.0,290,811,740.0,11,10,18,yes,yes,no,0
977.0,yes,2.8,yes,,no,35,0.6,165,2,15.0,1502,1862,3714.0,19,3,10,no,yes,yes,3
1640.0,yes,0.7,no,10.0,yes,21,0.8,169,7,14.0,589,1301,337.0,16,3,5,yes,yes,no,0
663.0,no,0.8,yes,,no,25,0.6,183,2,1.0,82,1605,3176.0,6,2,2,yes,no,yes,2
1744.0,yes,1.0,no,1.0,yes,20,0.5,112,8,,68,718,,18,7,14,yes,no,no,1
1624.0,no,1.6,yes,8.0,no,28,0.4,150,2,10.0,689,699,2473.0,16,11,2,yes,no,no,2
10000.0,yes,1.3,yes,14.0,yes,2,0.3,169,7,20.0,208,1742,1229.0,5,3,4,yes,yes,no,0
10000.0,no,1.3,no,0.0,no,11,0.5,144,3,11.0,722,766,2039.0,11,6,19,no,yes,no,1
863.0,no,1.6,yes,5.0,yes,6,0.7,133,4,13.0,717,1799,520.0,10,2,18,yes,no,yes,0
1397.0,no,2.4,yes,5.0,yes,3,0.2,121,3,15.0,433,1658,1378.0,18,15,4,yes,yes,yes,1
1068.0,no,2.0,yes,1.0,yes,37,0.9,184,7,13.0,186,1998,1803.0,5,4,7,yes,no,no,1
1156.0,no,0.5,no,6.0,no,61,0.1,89,7,,1214,1262,1796.0,16,6,13,no,yes,yes,1
1271.0,no,0.5,yes,2.0,no,54,0.1,159,8,3.0,613,650,990.0,14,11,6,no,yes,yes,0
696.0,no,0.5,no,6.0,no,51,0.3,197,3,8.0,649,907,2630.0,18,8,9,no,no,yes,1
1981.0,yes,1.9,yes,13.0,no,45,0.3,175,6,18.0,193,1234,,10,1,13,no,yes,no,1
1590.0,no,0.6,yes,0.0,no,7,0.3,122,3,17.0,1464,1595,1201.0,12,3,18,yes,yes,yes,1
1945.0,no,1.6,no,4.0,no,21,0.7,113,3,10.0,280,895,3015.0,6,1,15,no,no,no,3
1135.0,yes,2.8,yes,9.0,no,43,0.4,158,1,11.0,690,1589,10000.0,18,13,6,yes,no,no,3
1049.0,no,0.6,yes,8.0,yes,2,0.3,172,6,10.0,39,1564,433.0,10,7,6,yes,no,no,0
1807.0,yes,2.1,no,2.0,no,49,0.8,125,1,10.0,337,1384,1906.0,17,13,13,no,yes,yes,2
984.0,yes,0.5,no,13.0,yes,42,0.8,98,7,,1036,1611,898.0,16,8,13,yes,yes,no,0
720.0,yes,1.4,yes,,yes,61,0.6,96,7,8.0,1347,1733,2799.0,5,3,15,yes,no,yes,3
,yes,0.5,no,3.0,no,25,1.0,86,4,6.0,327,922,770.0,12,1,20,no,yes,no,0
503.0,no,2.5,no,3.0,no,57,0.6,185,6,,778,1291,305.0,11,8,16,no,no,yes,0
1936.0,yes,1.9,yes,13.0,yes,34,0.2,182,7,14.0,591,1089,,6,1,9,yes,no,yes,1
1303.0,no,1.0,yes,0.0,yes,15,0.1,138,3,10.0,229,1604,2574.0,12,4,14,yes,yes,yes,2
1822.0,no,1.2,no,,no,8,0.2,195,6,0.0,172,910,2577.0,9,5,8,yes,yes,no,2
10000.0,yes,2.8,no,5.0,yes,18,0.5,83,1,7.0,681,723,2246.0,8,1,3,yes,yes,no,1
1648.0,yes,0.5,no,1.0,yes,17,0.9,142,2,3.0,1119,1238,1184.0,6,2,2,yes,no,yes,1
1331.0,yes,1.6,no,0.0,no,16,0.5,165,2,7.0,1109,1226,1026.0,13,5,20,yes,no,yes,1
1620.0,no,2.6,yes,,no,5,0.9,186,6,,434,1339,,18,14,13,yes,no,no,1
1092.0,no,2.7,yes,8.0,no,45,0.8,185,1,10.0,1404,1424,,12,3,20,no,yes,yes,1
1018.0,yes,0.7,yes,,no,63,0.1,155,5,18.0,856,883,3048.0,10,3,2,no,no,yes,2
545.0,no,0.5,no,0.0,yes,11,0.3,131,3,1.0,381,1452,616.0,15,6,19,yes,yes,yes,0
1264.0,no,2.9,yes,2.0,yes,34,0.2,171,3,3.0,562,849,419.0,7,4,3,yes,yes,yes,0
1432.0,yes,1.7,yes,6.0,yes,39,0.3,164,4,,209,947,504.0,14,4,10,yes,yes,no,0
558.0,yes,2.8,no,1.0,yes,49,0.8,142,5,4.0,997,1605,392.0,10,5,8,yes,yes,yes,0
829.0,no,0.5,no,0.0,no,56,0.6,129,7,1.0,91,1916,820.0,12,6,11,yes,no,yes,0
1849.0,yes,2.3,no,7.0,yes,15,0.4,144,5,19.0,606,1123,3447.0,14,11,19,yes,no,yes,3
733.0,no,2.1,no,5.0,yes,7,0.2,174,7,10.0,445,1409,1403.0,15,8,2,yes,yes,no,0
1872.0,yes,0.9,yes,0.0,no,16,0.5,80,2,2.0,286,1484,2295.0,15,11,16,no,no,yes,2
1853.0,no,0.5,yes,1.0,no,27,0.3,197,6,13.0,985,1005,1973.0,10,2,8,yes,no,yes,2
,yes,2.2,no,4.0,no,30,0.2,106,6,5.0,1617,1675,3755.0,17,14,8,yes,no,no,3
10000.0,no,0.5,yes,9.0,yes,25,0.3,196,2,19.0,375,1724,2073.0,7,1,10,yes,no,yes,1
1911.0,yes,2.0,no,7.0,yes,64,0.6,163,8,8.0,1795,1958,3872.0,9,8,11,yes,yes,no,3
10000.0,yes,0.5,no,16.0,yes,23,0.1,145,2,17.0,486,1930,302.0,18,5,8,yes,no,no,0
576.0,no,0.8,no,0.0,yes,27,0.1,121,2,4.0,757,1518,1519.0,18,6,8,yes,no,yes,1
969.0,no,2.4,no,0.0,no,45,0.3,124,7,0.0,491,589,404.0,18,5,19,yes,no,yes,0
1160.0,no,1.1,no,,yes,63,0.7,166,3,2.0,762,859,595.0,18,4,15,yes,no,yes,0
827.0,no,1.1,yes,2.0,yes,18,0.9,160,2,16.0,448,821,1663.0,14,0,17,yes,yes,yes,0
819.0,yes,2.5,yes,0.0,yes,11,0.2,83,8,1.0,438,822,1094.0,10,5,15,yes,no,no,0
1368.0,no,3.0,yes,10.0,no,50,0.2,97,7,,698,829,10000.0,13,6,5,no,yes,yes,2
1592.0,no,2.1,no,6.0,yes,50,0.1,181,2,,510,522,2103.0,19,8,7,yes,no,no,1
1067.0,no,1.8,yes,11.0,no,14,0.2,146,1,15.0,965,1009,10000.0,5,0,13,no,no,yes,0
1892.0,yes,0.7,no,5.0,no,47,0.4,110,4,10.0,1399,1564,2172.0,17,14,3,yes,yes,yes,2
915.0,no,1.1,no,6.0,no,56,0.6,187,8,17.0,532,1448,905.0,19,10,12,no,yes,no,0
1614.0,no,1.9,no,8.0,yes,55,0.3,188,3,17.0,860,1330,3914.0,17,13,13,yes,no,no,3
911.0,yes,2.9,no,0.0,no,46,0.1,181,5,1.0,461,670,363.0,9,5,17,no,yes,no,0
1520.0,no,0.5,no,1.0,yes,24,0.7,199,5,8.0,109,1909,3233.0,13,3,4,yes,no,yes,3
1204.0,yes,2.6,no,0.0,no,10,0.3,199,7,3.0,480,1482,1724.0,11,2,19,yes,no,no,1
1320.0,no,2.1,yes,0.0,yes,41,0.6,144,7,2.0,123,1229,,11,1,14,yes,yes,no,0
1439.0,no,0.9,no,12.0,yes,20,0.8,147,1,17.0,626,932,1790.0,19,12,15,yes,no,yes,1
1422.0,no,1.0,no,15.0,no,3,0.1,112,1,17.0,1,926,509.0,19,1,3,yes,yes,yes,0
1591.0,yes,2.2,yes,4.0,yes,52,1.0,161,3,16.0,548,1641,10000.0,10,9,14,yes,yes,yes,0
1929.0,yes,0.5,yes,0.0,yes,19,1.0,163,6,2.0,349,1051,1913.0,12,7,6,yes,yes,no,1
1642.0,yes,1.6,yes,0.0,no,5,0.4,102,5,,1686,1889,1333.0,18,0,2,no,no,yes,2
1511.0,no,2.5,yes,3.0,no,21,0.2,114,3,,1455,1982,,10,0,5,yes,no,no,3
1312.0,no,1.3,no,5.0,yes,10,0.6,163,2,9.0,95,893,3941.0,6,2,13,yes,yes,yes,3
,yes,2.7,yes,4.0,yes,33,0.9,108,4,8.0,951,962,424.0,5,3,15,yes,yes,yes,0
,no,0.5,no,9.0,no,8,0.3,158,5,20.0,667,697,10000.0,17,13,2,no,yes,yes,0
1113.0,no,0.6,yes,0.0,no,25,0.3,145,1,10.0,1047,1312,277.0,11,2,12,yes,no,yes,0
721.0,yes,1.3,yes,10.0,no,16,0.9,125,1,18.0,408,1862,1713.0,10,3,4,no,yes,yes,1
1188.0,yes,1.5,yes,0.0,no,54,0.3,198,6,2.0,1150,1469,485.0,12,7,7,no,yes,no,0
1512.0,yes,0.5,no,1.0,no,52,0.1,131,1,14.0,333,952,3002.0,6,5,7,no,no,yes,2
805.0,yes,0.7,no,,no,64,0.1,97,4,14.0,641,704,418.0,11,6,17,no,yes,yes,0
918.0,no,0.9,yes,1.0,no,8,0.1,123,7,5.0,653,671,1652.0,17,4,14,yes,yes,no,1
1236.0,no,0.9,yes,2.0,yes,57,0.1,188,1,14.0,517,809,1406.0,14,12,20,yes,no,yes,0
,no,0.5,no,,yes,61,0.5,98,3,0.0,785,1151,629.0,5,3,11,yes,yes,no,0
1883.0,yes,2.7,yes,,yes,30,0.5,95,2,10.0,531,791,3724.0,16,15,20,yes,yes,yes,3
839.0,no,2.0,yes,0.0,no,14,0.4,175,7,3.0,564,1391,3835.0,15,8,11,yes,no,no,3
1593.0,yes,1.0,no,0.0,yes,52,0.7,130,8,0.0,761,1336,1354.0,15,13,13,yes,yes,yes,1
1788.0,yes,0.5,yes,,yes,2,0.3,150,6,20.0,472,1073,2655.0,12,2,4,yes,no,yes,2
833.0,yes,2.2,no,4.0,no,27,0.9,124,1,6.0,359,1395,2150.0,9,5,7,no,yes,yes,1
571.0,no,0.6,no,1.0,yes,43,0.5,141,3,8.0,224,783,2587.0,7,5,18,yes,no,no,1
1860.0,no,0.5,yes,2.0,yes,55,0.7,83,6,3.0,195,799,676.0,15,0,4,yes,no,yes,0
902.0,yes,0.6,yes,0.0,no,63,0.7,122,5,14.0,364,1360,10000.0,18,8,15,no,yes,yes,3
854.0,no,0.5,no,2.0,no,30,0.5,125,8,5.0,518,1152,2889.0,5,2,11,no,no,yes,2
510.0,no,1.7,yes,3.0,no,35,0.8,120,3,6.0,382,1228,2509.0,17,2,11,no,yes,yes,1
,no,0.5,no,7.0,no,51,0.4,95,3,9.0,342,774,3165.0,5,0,13,yes,no,no,3
1907.0,no,2.0,no,13.0,no,55,0.9,105,7,15.0,713,1513,,14,4,17,yes,no,yes,0
,no,2.4,yes,8.0,no,32,0.6,200,1,,172,812,776.0,7,6,8,no,no,no,0
1843.0,yes,1.8,yes,,yes,16,0.7,134,6,18.0,118,580,3213.0,15,14,15,yes,yes,no,3
825.0,yes,1.5,no,11.0,no,38,0.4,94,3,,540,783,716.0,11,4,14,no,yes,no,0
1286.0,yes,2.3,no,10.0,yes,16,0.1,98,2,18.0,18,662,,10,5,4,yes,yes,no,0
814.0,yes,1.1,yes,2.0,no,41,0.8,177,2,10.0,1092,1406,1944.0,16,6,12,yes,no,no,1
1195.0,yes,1.1,yes,2.0,yes,8,0.9,80,6,6.0,327,1001,643.0,14,2,19,yes,no,no,0
1068.0,no,1.3,no,6.0,yes,52,0.1,97,8,7.0,994,1500,1436.0,16,1,15,yes,no,no,1
1878.0,yes,0.5,no,9.0,no,29,0.6,85,8,19.0,210,1026,1334.0,18,7,2,no,no,no,1
525.0,no,2.4,yes,11.0,no,35,0.8,190,7,20.0,82,670,,16,11,3,no,no,no,0
1065.0,yes,0.5,no,0.0,yes,14,0.7,89,2,2.0,188,928,3078.0,10,1,18,yes,no,yes,2
1425.0,no,1.2,no,9.0,yes,35,0.7,127,8,14.0,150,1897,590.0,13,2,6,yes,yes,yes,0
10000.0,no,1.4,yes,3.0,no,11,0.2,129,7,4.0,1222,1382,2552.0,19,8,10,yes,yes,yes,2
981.0,yes,1.9,yes,,no,2,0.1,136,3,7.0,75,688,1539.0,19,12,19,no,no,no,0
1236.0,yes,2.8,no,6.0,yes,32,0.3,143,4,18.0,492,1403,942.0,16,12,14,yes,yes,yes,0
569.0,yes,0.5,yes,10.0,yes,4,0.8,170,3,19.0,351,1159,10000.0,8,7,10,yes,yes,no,1
603.0,yes,0.7,yes,0.0,yes,64,0.2,156,6,0.0,1842,1968,604.0,10,4,8,yes,yes,yes,0
1332.0,no,0.8,yes,,no,11,0.5,187,2,4.0,758,1165,1285.0,5,0,9,yes,yes,no,1
1413.0,no,0.6,no,0.0,yes,13,0.1,128,1,0.0,1323,1481,515.0,5,0,18,yes,yes,no,0
10000.0,no,2.9,yes,1.0,yes,34,0.2,184,6,13.0,1175,1569,654.0,16,13,6,yes,no,no,0
1444.0,no,0.6,no,2.0,no,48,0.5,82,5,17.0,1092,1554,2540.0,17,2,15,yes,yes,yes,3
1554.0,no,2.7,yes,3.0,yes,47,0.7,185,5,12.0,319,1367,509.0,12,3,19,yes,no,no,0
1918.0,no,2.8,no,1.0,no,22,0.3,139,1,5.0,381,1203,1369.0,9,6,6,no,yes,yes,1
841.0,yes,0.5,yes,8.0,no,39,0.1,199,6,13.0,546,828,2942.0,11,5,16,no,yes,yes,2
1059.0,no,0.5,yes,0.0,no,50,0.7,182,8,1.0,519,1545,619.0,5,3,18,no,yes,yes,0
1829.0,no,1.7,no,0.0,no,36,0.8,112,5,1.0,291,563,1475.0,11,4,7,no,no,no,1
1132.0,no,1.0,no,0.0,no,8,0.1,157,1,4.0,1091,1293,1950.0,11,2,6,no,yes,yes,1
1181.0,no,2.3,no,12.0,yes,61,0.6,116,2,16.0,385,831,2020.0,6,0,18,yes,yes,no,1
1372.0,yes,2.7,no,7.0,no,34,0.4,193,4,17.0,687,937,725.0,11,3,20,yes,no,no,0
783.0,yes,1.7,yes,,yes,27,0.3,150,6,11.0,458,1263,1185.0,15,4,6,yes,yes,yes,0
1062.0,no,1.5,no,3.0,no,45,0.2,151,3,4.0,798,1435,911.0,14,2,9,no,no,no,0
1983.0,yes,1.2,yes,6.0,yes,27,0.6,125,1,11.0,370,1197,3897.0,12,10,10,yes,yes,yes,3
1800.0,yes,3.0,no,5.0,no,53,0.3,87,1,12.0,191,1108,656.0,14,10,18,no,no,yes,0
1254.0,no,1.7,no,0.0,yes,45,0.4,146,3,3.0,1571,1956,606.0,7,2,2,yes,yes,yes,1
868.0,no,1.7,no,0.0,no,30,0.8,83,4,0.0,276,1026,1653.0,11,7,17,yes,no,no,1
1205.0,no,0.5,yes,3.0,no,12,0.6,175,4,6.0,573,614,860.0,14,1,14,yes,no,yes,0
1284.0,yes,2.8,yes,0.0,no,10,0.9,155,2,14.0,160,516,2197.0,16,2,9,no,yes,yes,1
1763.0,no,2.9,yes,1.0,yes,53,0.2,101,4,20.0,138,806,2066.0,12,9,17,yes,yes,yes,1
1265.0,no,0.6,yes,4.0,yes,49,0.5,90,1,5.0,275,687,1518.0,16,11,8,yes,no,yes,1
816.0,yes,0.5,no,4.0,no,14,0.9,198,3,13.0,149,558,1018.0,17,10,15,yes,no,no,0
904.0,no,1.8,no,3.0,yes,35,0.4,168,3,4.0,42,507,1360.0,15,12,11,yes,no,no,0
10000.0,no,0.5,yes,,yes,5,0.5,164,7,2.0,793,1670,,5,2,14,yes,no,no,3
934.0,no,2.0,yes,2.0,no,30,0.7,182,8,15.0,521,1190,703.0,10,8,7,no,no,yes,0
,yes,2.6,yes,0.0,no,58,1.0,200,3,11.0,1530,1744,1251.0,13,4,18,no,yes,yes,1
874.0,no,1.3,no,5.0,no,8,0.5,185,1,,442,1248,582.0,6,4,15,no,no,no,0
1027.0,yes,2.2,no,0.0,no,63,0.8,102,5,4.0,152,714,1732.0,8,5,13,no,yes,yes,1
,yes,1.5,no,2.0,yes,29,1.0,182,1,4.0,29,1670,2146.0,11,10,2,yes,no,no,1
1496.0,yes,1.9,yes,13.0,no,38,0.1,126,4,14.0,501,506,,17,4,6,no,no,yes,1
1349.0,yes,2.2,yes,5.0,no,55,0.1,105,7,7.0,648,1019,2462.0,15,7,17,yes,no,yes,2
1689.0,yes,2.4,yes,,yes,13,0.9,168,2,9.0,521,674,1172.0,12,11,17,yes,yes,yes,0
582.0,no,0.5,yes,3.0,no,27,0.2,168,3,10.0,985,1420,2437.0,19,2,2,yes,yes,yes,2
1991.0,yes,1.8,no,11.0,no,9,0.7,94,3,12.0,751,1377,1511.0,17,8,9,no,no,no,1
1231.0,no,0.7,yes,2.0,no,7,0.9,113,1,7.0,43,1663,3119.0,9,4,15,yes,yes,no,3
10000.0,no,0.5,yes,0.0,yes,33,0.3,95,2,1.0,1587,1659,10000.0,19,10,4,yes,no,no,0
1061.0,yes,2.1,no,3.0,yes,52,0.1,109,7,4.0,138,1330,999.0,16,12,9,yes,yes,no,0
1428.0,yes,1.6,no,0.0,no,7,0.1,153,4,2.0,584,983,1808.0,12,8,13,no,yes,no,1
674.0,yes,2.8,yes,0.0,yes,8,0.2,93,3,0.0,750,772,589.0,18,6,4,yes,yes,no,0
1625.0,yes,0.5,yes,2.0,yes,50,0.1,107,8,17.0,8,1219,670.0,16,3,8,yes,no,no,0
907.0,no,1.4,yes,3.0,no,42,0.2,151,1,16.0,171,507,10000.0,11,9,6,yes,no,no,0
10000.0,yes,1.3,no,6.0,no,41,0.6,135,4,15.0,160,1291,1561.0,10,5,17,no,no,yes,1
1382.0,yes,0.5,no,7.0,yes,13,0.3,199,2,18.0,612,719,2073.0,16,7,9,yes,no,yes,1
633.0,yes,1.4,no,0.0,yes,46,0.7,102,6,10.0,709,1915,,19,14,11,yes,yes,no,1
,yes,1.6,yes,,yes,54,0.4,147,5,7.0,538,730,1275.0,13,7,12,yes,no,yes,0
922.0,yes,0.7,no,0.0,yes,47,1.0,157,8,14.0,1295,1808,1464.0,17,4,12,yes,no,yes,1
1008.0,no,2.5,no,3.0,no,36,1.0,109,1,14.0,825,1972,1083.0,6,4,6,no,no,no,1
1660.0,no,2.8,yes,4.0,no,7,0.8,184,1,6.0,76,1165,1531.0,12,0,7,no,no,no,1
1861.0,yes,0.9,no,4.0,yes,55,0.5,148,7,8.0,1698,1877,601.0,7,5,4,yes,no,no,1
648.0,no,1.9,yes,,no,8,1.0,91,5,19.0,819,1997,,8,7,4,no,no,yes,2
1910.0,yes,1.7,no,0.0,no,34,0.6,115,2,0.0,985,1284,309.0,8,4,10,no,no,yes,0
1807.0,no,2.0,yes,0.0,yes,13,0.5,155,8,0.0,970,974,323.0,9,3,3,yes,yes,yes,0
1923.0,no,0.5,yes,7.0,no,46,0.5,191,1,10.0,767,1759,1489.0,10,9,3,yes,yes,yes,1
1345.0,yes,3.0,no,7.0,yes,38,0.1,162,3,11.0,512,1465,1322.0,9,2,15,yes,no,no,1
904.0,no,1.6,yes,,yes,14,0.2,102,8,9.0,56,760,1846.0,7,0,3,yes,no,yes,1
1239.0,no,1.2,yes,5.0,yes,52,0.9,122,2,10.0,590,661,417.0,8,0,6,yes,no,yes,0
672.0,yes,0.5,yes,0.0,no,54,0.9,95,4,11.0,578,1143,667.0,17,8,14,no,no,no,0
892.0,yes,0.5,no,0.0,yes,47,0.4,94,1,18.0,655,1782,,12,3,9,yes,no,yes,1
1778.0,no,0.5,no,0.0,yes,23,0.5,101,6,11.0,1028,1445,3941.0,19,6,13,yes,no,no,3
1130.0,yes,2.5,no,4.0,yes,58,0.1,132,5,14.0,88,1261,1018.0,17,1,16,yes,no,no,0
1866.0,yes,2.5,yes,3.0,yes,47,0.8,89,5,9.0,358,1782,1444.0,7,4,20,yes,no,no,1
1597.0,no,2.3,no,11.0,no,34,0.4,89,1,14.0,64,1667,934.0,16,10,9,no,yes,no,0
1046.0,yes,2.8,yes,,yes,58,0.2,100,8,0.0,259,1040,3863.0,17,12,9,yes,yes,yes,3
1035.0,no,0.6,yes,2.0,yes,44,0.5,99,3,3.0,236,1960,3506.0,14,5,12,yes,yes,no,3
1175.0,yes,1.3,no,2.0,no,19,0.3,164,7,9.0,873,1394,1944.0,9,4,9,yes,yes,no,1
1261.0,yes,0.5,yes,0.0,yes,11,0.2,90,4,0.0,858,1591,348.0,14,9,14,yes,no,yes,0
1068.0,no,0.7,yes,,no,51,0.5,124,4,15.0,1405,1910,10000.0,12,8,6,yes,yes,no,0
,no,3.0,yes,,yes,20,0.9,104,7,17.0,237,890,971.0,11,10,10,yes,no,no,0
559.0,yes,0.5,no,10.0,no,11,0.4,82,5,14.0,541,823,2019.0,10,4,16,yes,yes,yes,1
1483.0,yes,2.6,yes,13.0,no,19,0.6,146,7,19.0,361,1552,,9,4,19,no,no,no,1
860.0,yes,1.6,yes,13.0,no,48,0.5,187,7,18.0,335,1463,1870.0,17,2,18,yes,no,no,1
1090.0,no,1.3,yes,5.0,no,27,0.1,91,4,16.0,1638,1910,1352.0,5,1,11,no,yes,no,1
686.0,yes,0.5,no,11.0,no,3,0.3,91,6,15.0,1109,1392,570.0,7,6,19,no,yes,no,0
818.0,no,1.3,no,14.0,no,43,0.9,177,6,15.0,111,510,546.0,12,6,7,yes,yes,yes,0
1068.0,no,0.5,yes,,yes,19,0.9,197,8,9.0,322,875,1209.0,19,12,12,yes,yes,no,0
1524.0,no,2.6,yes,5.0,no,57,0.5,124,2,12.0,629,635,947.0,11,4,16,no,yes,yes,0
511.0,yes,0.6,yes,12.0,no,50,0.1,175,3,,140,622,10000.0,9,7,8,yes,no,no,0
1402.0,yes,0.6,yes,3.0,no,46,0.3,87,7,12.0,1081,1767,347.0,17,0,12,yes,no,yes,0
965.0,yes,0.5,no,15.0,no,53,1.0,131,8,19.0,297,653,3227.0,12,6,8,yes,no,no,2
,no,0.5,yes,11.0,no,13,0.3,159,1,15.0,275,570,1028.0,8,4,17,yes,no,no,0
10000.0,yes,1.0,no,16.0,yes,34,0.1,157,2,17.0,1136,1813,714.0,18,2,2,yes,no,yes,1
1881.0,no,2.2,no,4.0,no,51,0.3,158,5,7.0,477,1553,1229.0,12,0,14,yes,no,no,1
,no,0.7,no,,no,19,0.9,173,4,17.0,954,1985,2622.0,16,3,5,no,no,yes,2
772.0,no,2.6,yes,7.0,no,6,0.1,100,2,10.0,741,1471,929.0,13,6,18,no,yes,yes,0
536.0,yes,1.4,no,0.0,yes,53,0.7,135,3,0.0,547,705,10000.0,15,10,7,yes,no,yes,0
,no,1.8,no,0.0,no,53,1.0,186,6,0.0,1194,1208,1653.0,7,5,6,yes,no,no,2
1633.0,no,1.7,yes,3.0,yes,33,0.9,111,2,19.0,146,906,511.0,9,0,7,yes,yes,no,0
551.0,yes,2.8,no,0.0,yes,54,0.1,172,7,15.0,169,1916,1414.0,6,1,19,yes,no,yes,0
1221.0,no,0.5,no,1.0,yes,28,0.5,139,1,7.0,1895,1976,2438.0,13,11,10,yes,yes,yes,3
1986.0,no,2.7,yes,3.0,yes,64,0.2,162,4,,236,1520,1377.0,5,3,15,yes,yes,yes,1
1099.0,no,0.5,no,13.0,yes,61,0.3,146,3,20.0,393,1096,1699.0,17,10,3,yes,yes,yes,1
1576.0,no,2.6,no,7.0,no,58,0.2,90,3,16.0,400,631,336.0,14,8,13,yes,yes,yes,0
950.0,yes,0.5,no,9.0,no,55,0.1,156,5,10.0,774,843,,14,12,13,no,yes,no,0
1081.0,yes,2.5,yes,13.0,no,49,1.0,99,3,17.0,284,519,325.0,9,1,6,no,no,yes,0
606.0,no,2.5,no,,yes,53,0.2,146,4,2.0,465,1152,1223.0,19,12,7,yes,no,no,0
502.0,no,1.5,yes,7.0,no,37,0.2,199,2,12.0,705,1810,1649.0,6,1,14,no,yes,no,1
10000.0,yes,0.7,no,0.0,yes,4,0.1,160,2,0.0,38,1682,1898.0,12,4,3,yes,yes,no,1
1681.0,yes,2.5,yes,6.0,no,18,0.3,167,1,7.0,850,1005,2265.0,5,3,20,yes,yes,yes,2
1753.0,no,1.2,no,8.0,yes,12,0.9,113,7,17.0,387,1595,1445.0,17,16,12,yes,yes,yes,1
1949.0,yes,1.4,no,7.0,no,57,0.3,145,7,11.0,951,1178,356.0,5,3,19,no,no,no,0
1696.0,no,1.7,no,,no,13,0.9,97,3,2.0,179,772,523.0,5,0,4,no,yes,yes,0
688.0,no,2.5,yes,0.0,no,57,0.8,131,7,3.0,426,1964,3745.0,17,1,4,no,yes,no,3
1104.0,no,1.7,no,,yes,60,0.4,199,2,13.0,653,1413,1229.0,6,0,3,yes,yes,yes,0
1122.0,no,2.8,no,0.0,no,28,0.6,184,3,4.0,1578,1963,1402.0,14,10,3,no,yes,no,1
504.0,yes,0.5,yes,2.0,yes,46,0.9,172,5,14.0,280,1795,2085.0,13,5,8,yes,no,no,1
1154.0,no,0.5,no,12.0,yes,14,0.7,156,7,14.0,251,1801,587.0,8,3,4,yes,yes,yes,0
1674.0,no,2.8,yes,0.0,yes,52,0.2,89,3,7.0,1432,1649,,7,0,6,yes,no,no,2
,no,2.8,yes,5.0,yes,18,0.2,135,2,14.0,477,571,816.0,16,2,3,yes,no,no,0
1218.0,yes,2.8,yes,3.0,no,39,0.8,150,7,14.0,1122,1746,1667.0,10,0,12,no,no,no,1
673.0,yes,1.7,yes,3.0,yes,22,0.1,88,1,5.0,594,1088,2050.0,7,2,17,yes,yes,no,1
,no,0.7,yes,0.0,yes,21,0.8,88,1,7.0,518,830,1754.0,17,11,9,yes,no,yes,1
,no,1.7,no,3.0,yes,35,0.3,103,3,7.0,663,1805,1904.0,12,8,13,yes,yes,yes,1
547.0,no,1.9,yes,1.0,no,37,0.4,154,5,4.0,371,541,2705.0,17,3,10,yes,yes,no,1
623.0,yes,0.9,no,1.0,yes,3,0.1,102,8,,1749,1781,3537.0,16,13,3,yes,no,yes,3
1793.0,no,0.7,yes,11.0,no,27,0.4,154,5,13.0,586,722,1370.0,16,3,19,yes,no,yes,1
1720.0,yes,0.7,yes,0.0,no,19,0.1,137,2,3.0,409,646,1222.0,13,2,7,no,no,no,1
812.0,no,0.5,yes,,no,64,1.0,106,4,,35,1309,3102.0,6,0,2,no,no,no,2
980.0,yes,0.5,no,0.0,yes,33,0.9,160,6,0.0,1008,1758,2268.0,7,5,4,yes,yes,no,2
643.0,no,1.0,no,9.0,yes,18,0.2,187,8,12.0,442,1079,2648.0,7,5,18,yes,yes,yes,1
10000.0,yes,0.7,yes,4.0,no,28,0.2,124,1,5.0,952,1191,1368.0,14,5,17,yes,no,yes,1
1959.0,no,0.5,yes,5.0,no,18,0.7,191,6,20.0,65,1055,619.0,7,4,8,yes,yes,yes,0
1872.0,no,0.5,yes,3.0,no,17,0.7,89,6,6.0,1749,1767,724.0,17,3,9,yes,no,yes,1
1043.0,yes,0.5,no,7.0,no,42,0.1,111,3,8.0,716,1626,912.0,16,9,6,no,yes,no,0
1809.0,no,0.5,no,6.0,no,23,0.7,123,6,,433,1661,2784.0,12,6,20,yes,yes,yes,3
1703.0,yes,0.5,no,5.0,yes,23,0.2,92,6,7.0,134,521,793.0,7,3,17,yes,yes,no,0
1095.0,yes,0.5,no,4.0,no,45,0.5,197,1,5.0,179,1247,560.0,9,1,10,yes,yes,no,0
1414.0,no,2.6,no,1.0,no,27,0.6,137,4,20.0,804,1564,312.0,5,2,8,no,no,yes,0
1659.0,yes,2.5,no,2.0,no,41,0.1,88,7,18.0,787,1515,545.0,12,0,9,no,yes,yes,0
1540.0,no,0.7,yes,1.0,no,60,0.8,197,7,12.0,704,822,1591.0,19,0,2,yes,no,yes,1
1189.0,yes,2.3,no,13.0,no,8,0.5,198,3,14.0,379,932,,9,6,13,yes,yes,no,0
10000.0,yes,2.4,no,0.0,yes,62,0.6,128,6,0.0,489,710,2514.0,16,12,7,yes,yes,yes,1
1449.0,no,0.8,yes,3.0,yes,10,0.2,144,1,,1518,1883,10000.0,10,0,8,yes,yes,yes,1
516.0,no,1.1,yes,0.0,yes,39,0.4,91,5,7.0,855,1401,819.0,8,0,10,yes,yes,yes,0
1312.0,yes,0.8,yes,,no,24,0.9,156,6,0.0,115,1791,3833.0,14,13,17,no,yes,no,3
1076.0,no,2.5,no,3.0,no,14,0.2,105,5,4.0,545,1300,2043.0,7,5,14,no,no,no,1
10000.0,yes,2.6,no,1.0,no,40,0.9,118,6,,818,1090,1229.0,16,11,2,no,yes,no,0
1044.0,yes,2.8,yes,7.0,no,33,0.6,129,4,13.0,42,1262,,17,16,15,yes,no,yes,1
1869.0,no,2.6,no,0.0,yes,30,0.4,152,1,13.0,163,874,1375.0,15,3,19,yes,no,no,1
1331.0,no,0.5,no,8.0,no,55,0.9,146,3,15.0,1162,1531,1732.0,6,2,11,yes,no,yes,1
,yes,0.5,yes,6.0,yes,4,0.1,105,3,12.0,626,1348,673.0,10,3,12,yes,no,no,0
605.0,no,1.5,no,9.0,yes,18,0.9,162,2,,329,656,2301.0,15,9,8,yes,no,no,1
1403.0,yes,2.5,yes,3.0,no,62,0.9,90,4,13.0,217,1623,921.0,14,13,18,yes,no,no,0
688.0,yes,1.5,no,0.0,no,2,1.0,89,3,2.0,271,869,391.0,5,2,8,yes,yes,yes,0
775.0,yes,2.5,yes,1.0,yes,10,0.1,185,7,,444,1555,1719.0,19,3,18,yes,yes,yes,1
1154.0,no,2.0,no,6.0,yes,35,0.8,159,5,16.0,1003,1827,3262.0,16,15,16,yes,no,no,3
,no,0.5,yes,2.0,yes,35,0.1,194,2,,227,772,1947.0,15,13,15,yes,yes,yes,1
1697.0,no,0.5,no,0.0,yes,60,0.1,90,4,0.0,88,1046,441.0,15,1,11,yes,yes,no,0
741.0,no,1.5,no,1.0,no,14,0.3,178,5,13.0,334,594,1886.0,19,11,9,yes,yes,yes,0
1672.0,yes,0.5,yes,13.0,yes,32,0.7,174,1,20.0,1281,1896,1267.0,17,4,20,yes,yes,no,1
514.0,yes,0.7,no,4.0,no,57,0.1,186,3,7.0,168,1320,687.0,6,0,20,yes,yes,yes,0
989.0,yes,1.8,yes,4.0,yes,55,0.7,124,1,12.0,46,1069,1737.0,8,5,10,yes,no,yes,1
1510.0,yes,2.5,yes,11.0,no,47,0.7,138,2,13.0,118,1170,887.0,18,6,5,no,no,no,0
1266.0,no,2.6,no,1.0,no,18,0.4,86,7,2.0,1187,1595,398.0,16,8,3,yes,yes,yes,0
1396.0,no,2.4,yes,0.0,no,46,0.1,138,7,1.0,1191,1347,,7,3,15,no,no,yes,2
10000.0,yes,0.6,yes,5.0,no,35,0.8,102,8,,89,1538,2459.0,14,1,16,yes,yes,no,1
1341.0,yes,2.1,yes,0.0,no,36,0.4,107,8,1.0,473,574,2200.0,18,14,15,no,yes,no,1
1224.0,yes,1.8,yes,2.0,yes,44,0.2,139,2,9.0,622,709,621.0,11,4,14,yes,yes,yes,0
1970.0,no,1.6,yes,11.0,yes,58,0.3,80,8,19.0,654,882,2372.0,14,12,2,yes,yes,no,2
1545.0,no,1.3,yes,15.0,yes,35,0.1,173,5,20.0,115,1352,3197.0,14,9,6,yes,no,yes,3
1729.0,yes,2.1,yes,1.0,no,12,0.9,186,1,6.0,461,1178,1519.0,9,4,5,yes,no,yes,1
680.0,yes,2.1,yes,9.0,yes,9,0.1,131,3,11.0,1428,1500,,14,2,17,yes,no,no,2
1106.0,yes,1.9,no,4.0,no,54,0.7,107,3,9.0,614,1212,2674.0,9,3,9,yes,no,yes,2
,yes,0.6,yes,,yes,50,0.3,97,5,13.0,193,989,2107.0,13,12,12,yes,no,no,1
1671.0,no,0.5,yes,13.0,no,5,0.9,179,8,18.0,398,1263,815.0,16,6,10,yes,yes,yes,0
1562.0,yes,1.2,yes,0.0,yes,52,0.1,105,7,9.0,480,728,2829.0,13,10,3,yes,yes,yes,2
1524.0,yes,1.8,yes,0.0,no,10,0.6,174,4,1.0,154,550,2678.0,16,5,13,yes,no,yes,2
1528.0,yes,1.8,yes,3.0,yes,55,0.8,129,5,6.0,454,1762,1282.0,11,9,11,yes,yes,yes,1
1447.0,yes,2.5,yes,2.0,no,9,0.2,155,8,16.0,737,1455,568.0,12,11,8,no,no,no,0
,no,1.5,no,1.0,no,14,0.5,190,1,3.0,419,556,2074.0,8,1,5,yes,yes,no,1
564.0,no,3.0,yes,,no,8,0.7,130,2,3.0,853,1737,2227.0,9,2,14,yes,no,yes,1
921.0,no,0.6,yes,1.0,no,60,0.1,83,2,3.0,1211,1229,1080.0,10,0,6,no,no,yes,0
1413.0,yes,1.7,no,2.0,no,10,0.2,200,6,6.0,314,1606,2867.0,5,4,15,no,yes,no,2
831.0,no,2.4,no,10.0,no,55,0.5,86,6,12.0,172,1239,1075.0,12,11,3,yes,yes,no,0
10000.0,no,1.3,no,3.0,no,24,1.0,86,4,4.0,874,1264,2479.0,9,2,15,yes,yes,no,2
1193.0,yes,3.0,no,,no,56,0.4,196,3,17.0,674,864,2394.0,19,11,14,yes,yes,no,2
904.0,yes,1.2,yes,10.0,yes,31,0.8,112,3,11.0,657,1014,2814.0,13,3,19,yes,no,no,2
1285.0,no,2.4,no,1.0,yes,51,1.0,140,7,2.0,475,500,2094.0,8,0,10,yes,no,no,1
1851.0,yes,1.9,yes,3.0,yes,12,0.9,198,6,11.0,293,1967,735.0,7,6,14,yes,no,yes,0
727.0,yes,1.5,no,0.0,yes,32,1.0,131,7,1.0,813,1377,1891.0,19,13,7,yes,no,yes,1
1396.0,no,1.5,yes,0.0,yes,44,0.1,118,6,1.0,173,1843,,7,1,8,yes,yes,yes,1
,no,1.3,yes,9.0,yes,46,0.8,135,1,14.0,457,652,3260.0,14,12,6,yes,no,no,2
696.0,yes,2.4,no,11.0,yes,35,0.2,103,3,13.0,533,797,2022.0,14,11,4,yes,no,yes,1
1009.0,yes,1.0,yes,2.0,no,2,0.6,102,8,14.0,912,1043,1716.0,7,5,15,no,no,no,1
1526.0,no,1.1,yes,2.0,yes,38,0.3,116,5,6.0,798,1418,3317.0,7,1,8,yes,yes,yes,3
987.0,no,2.0,yes,1.0,no,20,0.8,192,7,3.0,412,565,1454.0,11,3,8,yes,yes,no,0
1414.0,yes,2.2,yes,,yes,49,0.5,101,4,,130,887,2290.0,13,0,12,yes,yes,no,1
10000.0,yes,0.5,no,0.0,no,50,0.9,148,8,,299,874,461.0,17,4,4,yes,no,yes,0
504.0,no,2.8,yes,0.0,no,40,0.5,178,3,0.0,626,1195,470.0,6,0,16,yes,no,no,0
1159.0,no,2.7,no,13.0,yes,28,0.2,80,8,18.0,378,751,2495.0,10,0,9,yes,yes,yes,2
865.0,no,1.2,yes,8.0,no,59,0.1,159,3,9.0,805,1804,2361.0,16,11,19,yes,no,yes,2
1268.0,yes,2.9,no,9.0,yes,42,0.9,182,6,17.0,360,912,,11,5,20,yes,yes,no,0
999.0,yes,1.8,yes,0.0,yes,27,0.1,167,4,1.0,20,745,1344.0,17,10,5,yes,no,no,0
622.0,no,0.7,no,0.0,yes,9,0.3,127,2,0.0,98,511,,13,1,5,yes,no,yes,2
1250.0,yes,1.4,no,,no,44,0.2,182,7,20.0,703,1011,1882.0,14,1,14,no,no,no,1
1100.0,yes,1.6,no,12.0,no,15,0.1,112,8,14.0,919,1344,757.0,12,2,16,yes,yes,yes,0
618.0,yes,0.5,yes,2.0,yes,57,0.2,88,3,7.0,879,896,2399.0,18,15,17,yes,yes,yes,1
553.0,yes,2.2,yes,,yes,18,0.7,136,2,1.0,1287,1892,3300.0,12,10,20,yes,no,no,3
,yes,2.2,yes,2.0,no,3,0.4,84,2,9.0,1109,1247,2719.0,19,2,9,yes,yes,yes,2
1590.0,no,1.5,yes,12.0,yes,14,0.5,187,4,,1058,1109,2836.0,6,5,4,yes,no,no,3
1031.0,yes,2.1,yes,2.0,yes,11,0.1,121,2,9.0,532,1247,2385.0,11,7,16,yes,no,no,2
909.0,yes,0.5,yes,9.0,no,30,0.4,97,3,10.0,290,773,594.0,12,0,4,yes,yes,yes,0
1271.0,no,1.5,yes,0.0,no,2,0.9,161,1,1.0,1260,1788,892.0,15,13,20,no,yes,no,1
709.0,no,1.9,no,11.0,yes,13,0.1,81,8,15.0,570,1422,467.0,17,11,5,yes,yes,yes,0
1744.0,no,2.8,no,0.0,yes,62,0.7,158,1,0.0,621,1558,345.0,10,6,14,yes,no,no,0
1314.0,yes,2.2,no,,yes,40,0.8,116,7,1.0,328,1858,3033.0,9,8,17,yes,yes,yes,3
1136.0,no,0.5,no,0.0,yes,9,0.9,150,6,2.0,1307,1767,2110.0,9,5,16,yes,no,yes,2
1039.0,yes,2.7,no,11.0,no,56,0.3,125,8,13.0,497,618,3105.0,14,8,5,no,yes,yes,2
1300.0,yes,0.5,no,5.0,no,62,0.1,156,6,7.0,219,1037,874.0,15,3,10,yes,yes,no,0
1092.0,yes,0.5,yes,10.0,no,11,0.5,167,3,14.0,468,571,737.0,14,4,11,no,yes,no,0
1130.0,no,1.8,yes,0.0,no,27,0.9,101,1,8.0,1495,1579,315.0,14,5,11,yes,yes,no,0
1299.0,no,2.8,yes,2.0,no,60,0.8,187,8,6.0,1333,1838,1412.0,13,1,20,no,yes,yes,1
1129.0,yes,2.8,yes,0.0,no,49,0.5,185,2,2.0,1070,1079,1857.0,8,4,5,yes,yes,yes,1
,no,1.9,no,0.0,no,26,0.3,116,7,1.0,206,620,1419.0,10,6,16,yes,yes,yes,0
894.0,no,0.7,no,2.0,yes,58,0.1,123,2,3.0,158,747,3305.0,12,7,2,yes,no,no,2
530.0,no,2.4,no,1.0,no,32,0.3,88,6,20.0,48,1012,,17,7,6,no,yes,no,0
1068.0,no,2.7,yes,0.0,yes,45,0.6,194,5,1.0,935,1499,1754.0,17,7,9,yes,no,yes,1
1524.0,no,2.5,yes,11.0,yes,41,1.0,96,4,20.0,184,740,1936.0,7,0,9,yes,yes,yes,1
1093.0,no,1.9,yes,2.0,yes,22,0.3,196,8,14.0,238,807,1869.0,8,5,4,yes,yes,yes,1
627.0,no,1.8,no,2.0,no,20,0.8,142,3,8.0,211,507,896.0,17,6,14,no,no,no,0
989.0,yes,0.7,no,13.0,yes,51,0.4,132,3,,670,804,2349.0,10,1,20,yes,no,yes,1
,no,0.5,no,2.0,yes,5,0.7,134,1,11.0,725,1335,774.0,15,4,6,yes,yes,no,1
,yes,1.7,yes,0.0,yes,58,0.9,168,3,10.0,81,1544,3397.0,7,6,2,yes,no,no,2
713.0,yes,1.6,no,7.0,yes,2,0.4,181,8,9.0,1211,1378,485.0,10,6,4,yes,yes,yes,0
1177.0,no,0.9,no,1.0,no,11,1.0,181,4,7.0,945,1923,,8,5,11,yes,yes,yes,1
582.0,no,0.5,no,8.0,no,32,0.7,107,3,11.0,1043,1702,2977.0,6,1,20,no,yes,yes,2
1898.0,no,1.8,yes,3.0,yes,56,0.2,185,7,4.0,444,739,2114.0,10,5,19,yes,yes,yes,2
,no,0.7,yes,1.0,yes,29,0.7,123,2,20.0,311,1796,1542.0,17,9,15,yes,no,yes,1
1820.0,yes,1.4,no,,no,51,0.9,163,7,10.0,202,1884,2481.0,11,9,11,no,no,no,2
984.0,no,0.5,yes,3.0,yes,9,0.8,140,3,20.0,531,707,,18,15,16,yes,no,no,0
1263.0,yes,2.0,no,0.0,no,5,0.4,146,6,3.0,954,1609,,9,6,4,yes,yes,yes,2
1515.0,no,2.6,no,0.0,yes,56,0.9,184,3,1.0,1438,1593,262.0,14,4,20,yes,yes,no,0
721.0,no,0.5,yes,6.0,yes,6,0.4,194,4,9.0,1446,1988,530.0,8,4,8,yes,no,yes,0
1820.0,yes,1.7,yes,0.0,yes,64,0.6,161,1,3.0,1157,1951,,10,2,18,yes,yes,no,1
697.0,no,2.7,yes,5.0,yes,20,0.4,173,2,6.0,478,1477,259.0,12,6,4,yes,yes,yes,0
717.0,yes,0.5,yes,4.0,no,10,0.6,198,1,5.0,217,1106,688.0,10,7,15,no,yes,no,0
1348.0,yes,2.0,yes,5.0,no,36,0.3,145,6,6.0,468,741,2554.0,19,1,12,no,yes,no,2
1971.0,yes,0.5,yes,0.0,no,40,0.3,186,7,,485,922,571.0,8,7,17,yes,yes,no,0
1794.0,yes,0.5,yes,5.0,yes,55,0.5,86,7,7.0,43,627,402.0,14,7,14,yes,no,yes,0
1558.0,yes,2.5,no,2.0,yes,32,0.1,114,5,3.0,322,1385,878.0,16,5,17,yes,yes,yes,0
1994.0,yes,0.8,yes,2.0,yes,7,0.6,88,8,4.0,667,711,454.0,11,8,6,yes,yes,no,0
1180.0,yes,1.2,no,5.0,yes,50,1.0,144,4,20.0,925,1252,1464.0,7,3,20,yes,yes,yes,1
718.0,no,2.8,no,,no,59,0.8,113,6,13.0,1185,1387,1824.0,11,9,3,yes,yes,no,1
1670.0,yes,1.6,yes,0.0,no,47,0.8,139,8,15.0,1706,1886,876.0,16,0,5,yes,yes,no,1
1566.0,yes,0.5,yes,0.0,no,20,0.5,126,2,0.0,1603,1930,659.0,14,9,13,yes,yes,yes,1
1935.0,no,0.5,no,0.0,yes,29,0.6,124,5,9.0,806,860,,9,2,6,yes,no,yes,0
913.0,no,1.7,yes,1.0,yes,41,0.3,103,1,14.0,431,1144,2278.0,15,3,18,yes,yes,no,1
712.0,no,2.5,yes,1.0,no,49,0.6,99,6,3.0,1131,1743,401.0,5,0,10,yes,no,yes,0
1083.0,no,1.0,no,6.0,no,52,0.9,126,2,20.0,925,1469,681.0,19,18,19,yes,yes,yes,0
1747.0,no,0.5,no,4.0,no,13,0.7,185,6,12.0,800,873,3105.0,7,1,10,yes,no,no,3
,yes,0.5,yes,0.0,no,52,0.6,105,6,0.0,211,947,,5,1,10,no,yes,no,1
10000.0,no,1.6,yes,5.0,no,7,0.1,101,4,6.0,667,798,10000.0,9,4,3,no,yes,yes,1
1097.0,no,1.4,no,0.0,no,60,0.8,181,1,17.0,405,519,509.0,15,12,12,yes,no,no,0
740.0,no,1.8,no,1.0,no,12,0.2,123,1,11.0,935,1147,1105.0,7,6,19,no,yes,yes,0
676.0,no,2.2,no,1.0,yes,39,0.2,84,1,5.0,864,1011,,13,7,6,yes,no,no,1
1020.0,no,1.5,no,13.0,yes,7,0.7,96,3,18.0,870,1613,1142.0,13,9,8,yes,no,yes,1
896.0,no,1.0,yes,3.0,yes,4,0.3,111,1,4.0,1379,1469,1060.0,12,10,4,yes,yes,yes,1
1053.0,no,2.9,no,,no,42,0.9,126,6,17.0,419,1261,1339.0,17,0,14,no,no,yes,0
1174.0,no,0.7,yes,1.0,yes,25,0.8,91,2,,1097,1461,285.0,19,7,3,yes,no,yes,0
627.0,yes,1.6,yes,3.0,yes,12,0.2,131,7,17.0,447,819,,17,1,10,yes,no,no,1
1602.0,no,2.7,no,4.0,yes,46,0.6,118,1,5.0,273,1062,,16,9,2,yes,no,yes,1
1733.0,yes,1.5,yes,4.0,yes,6,0.9,170,1,15.0,590,997,3488.0,6,4,10,yes,yes,yes,3
1528.0,no,2.4,no,2.0,no,37,0.2,156,8,3.0,306,564,733.0,15,0,14,yes,yes,no,0
875.0,no,0.7,no,2.0,no,23,0.1,110,7,7.0,300,1316,756.0,14,5,6,no,no,no,0
1426.0,no,1.6,no,4.0,yes,12,0.7,174,5,16.0,1573,1694,1277.0,14,9,5,yes,no,no,1
609.0,yes,0.5,no,4.0,yes,10,0.1,81,6,6.0,113,1524,1905.0,16,3,18,yes,yes,yes,1
10000.0,no,1.2,yes,5.0,yes,15,0.3,178,6,8.0,526,1728,2636.0,12,2,6,yes,yes,no,2
991.0,no,2.0,no,2.0,yes,12,0.3,158,5,6.0,1209,1678,2014.0,11,9,10,yes,no,no,2
584.0,yes,1.8,no,0.0,yes,19,0.3,168,3,0.0,1123,1622,465.0,12,8,4,yes,yes,no,0
1541.0,yes,2.8,yes,10.0,yes,28,0.2,165,5,15.0,796,1052,1108.0,12,1,7,yes,no,yes,1
615.0,yes,0.5,yes,7.0,no,58,0.5,130,5,8.0,1021,1958,1906.0,14,5,5,yes,no,no,1
912.0,yes,2.8,yes,6.0,yes,46,0.4,84,4,11.0,995,1310,851.0,8,4,4,yes,yes,yes,0
1365.0,no,0.6,no,0.0,yes,31,0.3,125,4,0.0,293,970,1300.0,14,7,13,yes,no,yes,0
589.0,yes,0.5,no,,yes,59,0.7,146,8,4.0,759,1858,362.0,16,10,6,yes,yes,yes,0
1347.0,no,1.5,yes,10.0,no,56,0.3,95,1,19.0,398,1528,2456.0,13,0,13,yes,yes,yes,2
871.0,no,0.6,no,2.0,no,52,0.1,178,3,3.0,194,1437,437.0,14,7,17,yes,no,no,0
,yes,0.6,no,1.0,no,19,0.8,192,2,9.0,1238,1418,1218.0,15,10,17,no,yes,no,1
1928.0,no,2.6,no,5.0,no,5,0.8,162,5,16.0,229,1004,696.0,14,12,15,yes,yes,yes,0
888.0,no,2.6,yes,2.0,yes,33,0.4,198,2,17.0,327,1683,10000.0,12,1,20,yes,no,no,3
10000.0,yes,2.3,yes,5.0,yes,30,0.2,80,8,7.0,5,1744,2086.0,10,0,19,yes,yes,yes,1
1426.0,yes,0.8,no,2.0,yes,42,0.6,84,3,10.0,715,1163,1356.0,15,9,16,yes,no,yes,1
831.0,no,1.7,yes,7.0,yes,26,0.7,177,5,11.0,511,621,1704.0,6,5,20,yes,yes,yes,0
1433.0,yes,2.3,no,2.0,yes,5,0.1,129,5,11.0,420,784,2132.0,18,15,19,yes,no,yes,1
10000.0,yes,0.7,yes,3.0,yes,23,0.8,156,1,9.0,314,1400,2096.0,13,6,2,yes,no,no,1
1142.0,yes,1.1,no,0.0,yes,6,0.5,198,4,0.0,739,1766,1273.0,19,0,6,yes,no,no,1
1901.0,yes,0.5,no,5.0,yes,41,0.6,131,2,17.0,3,1662,368.0,5,1,12,yes,no,no,0
1510.0,no,0.6,yes,1.0,no,32,0.7,135,3,8.0,963,1520,854.0,8,2,10,yes,no,yes,1
1924.0,no,2.6,no,0.0,yes,59,0.9,136,6,0.0,1438,1923,3646.0,10,9,16,yes,no,yes,3
1538.0,yes,2.3,no,,yes,13,0.2,121,7,7.0,567,986,1494.0,18,10,12,yes,yes,yes,1
808.0,no,1.9,no,7.0,no,20,0.8,185,6,14.0,496,974,,13,4,11,no,yes,no,0
712.0,no,0.5,no,6.0,no,27,0.5,86,2,,1245,1309,2001.0,11,10,12,yes,yes,yes,1
1507.0,yes,0.9,yes,0.0,yes,42,0.4,123,5,0.0,682,888,1486.0,15,3,19,yes,no,no,1
912.0,no,0.7,no,3.0,no,47,0.9,182,3,6.0,724,794,1321.0,7,2,6,no,yes,yes,0
769.0,yes,1.2,no,2.0,no,17,0.1,95,8,4.0,1384,1454,1877.0,18,2,11,no,no,yes,1
507.0,yes,1.9,yes,0.0,yes,39,0.7,142,1,0.0,17,1084,2124.0,6,0,12,yes,yes,no,1
1384.0,yes,2.8,yes,15.0,no,60,0.1,82,3,18.0,983,1210,1221.0,18,12,15,yes,no,yes,1
1766.0,yes,1.3,no,1.0,no,29,0.5,194,8,,439,1306,2316.0,19,2,6,no,no,yes,2
1407.0,no,1.8,yes,5.0,yes,16,0.2,170,4,6.0,925,1206,1068.0,6,0,8,yes,yes,no,1
614.0,no,2.9,yes,3.0,yes,24,0.2,94,4,7.0,409,603,1930.0,13,12,4,yes,no,yes,1
1972.0,no,2.9,no,9.0,no,14,0.4,196,7,18.0,293,952,1316.0,8,1,8,yes,yes,no,1
1039.0,no,0.5,yes,8.0,no,47,0.2,130,8,9.0,384,1878,1742.0,18,12,15,yes,no,no,1
1423.0,no,0.6,no,12.0,no,44,0.8,131,5,13.0,501,640,,10,8,9,no,no,no,1
1974.0,no,0.5,yes,9.0,no,10,0.8,145,6,12.0,530,1496,1433.0,6,1,17,no,no,no,1
1429.0,no,0.6,no,8.0,no,42,0.9,151,5,9.0,670,1552,1817.0,6,1,16,yes,no,no,1
1498.0,yes,1.2,yes,0.0,yes,14,0.1,191,4,1.0,111,1167,577.0,14,12,12,yes,yes,no,0
1398.0,no,1.6,yes,8.0,yes,26,0.8,150,1,12.0,755,1284,3488.0,14,3,11,yes,yes,no,3
1885.0,no,2.4,yes,12.0,yes,14,0.6,92,4,15.0,1406,1517,1277.0,9,6,16,yes,no,yes,1
,no,2.5,yes,0.0,yes,42,0.9,124,8,1.0,1826,1836,2736.0,12,5,19,yes,yes,no,3
1321.0,yes,1.3,no,0.0,yes,63,0.4,109,8,9.0,817,941,,7,6,16,yes,yes,yes,1
1021.0,no,1.3,no,7.0,no,9,0.7,192,2,12.0,901,1793,1355.0,6,1,14,yes,yes,no,1
1210.0,yes,1.6,yes,9.0,no,57,0.5,111,4,20.0,329,1039,1886.0,16,0,17,yes,no,yes,1
1949.0,yes,0.5,yes,2.0,yes,31,0.1,145,5,9.0,837,1182,832.0,7,3,19,yes,no,no,1
882.0,no,0.7,yes,9.0,yes,28,0.2,151,6,16.0,248,884,751.0,19,11,8,yes,no,yes,0
1549.0,yes,1.5,yes,0.0,yes,27,0.4,113,5,7.0,632,1162,436.0,10,8,11,yes,no,no,0
1991.0,no,2.2,yes,1.0,yes,42,0.7,82,1,,366,613,722.0,6,5,10,yes,yes,no,0
796.0,no,0.5,no,2.0,no,12,0.5,114,1,8.0,174,518,1075.0,7,3,2,no,yes,no,0
1318.0,no,1.9,yes,0.0,yes,11,0.8,188,2,15.0,688,1591,1780.0,12,10,2,yes,no,no,1
1708.0,no,0.8,no,8.0,yes,14,0.9,197,4,16.0,263,1345,1247.0,19,16,16,yes,no,no,1
598.0,yes,0.8,yes,8.0,yes,62,0.1,117,8,9.0,118,764,3066.0,11,2,19,yes,yes,no,2
541.0,yes,2.3,no,4.0,no,51,0.4,200,8,17.0,1012,1226,403.0,11,2,12,no,no,no,0
1414.0,no,0.5,no,0.0,yes,15,0.8,168,2,0.0,294,1233,,18,6,14,yes,no,no,0
1616.0,yes,2.3,yes,3.0,no,52,0.1,100,5,8.0,151,1133,657.0,7,3,2,yes,yes,no,0
1604.0,yes,1.9,yes,0.0,yes,63,0.6,93,5,2.0,641,1156,1464.0,15,9,20,yes,yes,no,1
539.0,no,2.0,yes,1.0,no,24,0.5,86,4,2.0,958,967,1326.0,7,4,3,yes,yes,no,0
826.0,no,0.5,yes,0.0,yes,57,0.5,135,2,0.0,354,530,323.0,17,3,7,yes,no,yes,0
771.0,no,2.9,no,2.0,no,62,0.7,106,1,8.0,1709,1781,1628.0,9,3,6,no,yes,no,1
1420.0,no,2.8,yes,1.0,no,50,0.1,100,8,8.0,194,1393,763.0,17,1,17,no,yes,yes,0
1763.0,no,0.5,yes,12.0,no,10,0.2,184,3,19.0,238,1893,792.0,17,12,13,yes,no,yes,0
,yes,1.9,no,6.0,no,2,0.9,133,5,20.0,919,1076,1568.0,14,0,19,yes,no,no,1
10000.0,yes,0.5,no,0.0,no,29,0.2,182,4,2.0,758,891,1276.0,19,4,17,no,yes,no,1
,no,0.5,no,,yes,63,0.3,111,2,10.0,122,686,3423.0,13,3,19,yes,no,no,3
1801.0,no,0.5,yes,6.0,no,52,0.9,120,6,10.0,100,1708,10000.0,14,8,9,yes,no,no,0
794.0,no,2.5,yes,15.0,no,14,0.6,197,3,19.0,312,1376,,19,8,18,no,no,yes,1
1686.0,yes,0.5,yes,4.0,no,28,0.8,182,5,8.0,599,1073,780.0,11,10,5,no,no,no,0
1444.0,yes,2.1,yes,0.0,no,6,0.9,103,1,1.0,1274,1340,712.0,17,5,10,no,no,no,0
1004.0,no,1.6,yes,0.0,yes,30,1.0,160,8,1.0,62,581,1012.0,7,4,13,yes,yes,yes,0
,yes,2.4,no,8.0,no,28,0.2,166,4,9.0,315,1796,318.0,11,10,19,yes,no,no,0
717.0,no,1.1,yes,,yes,14,0.1,99,8,6.0,1878,1981,629.0,16,15,20,yes,no,no,0
1540.0,no,0.7,yes,0.0,yes,29,0.1,157,7,1.0,318,831,1161.0,11,8,5,yes,no,no,0
672.0,no,0.5,no,7.0,yes,35,0.1,99,8,17.0,574,1267,,16,7,6,yes,no,no,0
,no,0.5,no,6.0,yes,55,0.1,124,8,7.0,86,1681,,6,5,4,yes,no,yes,0
948.0,no,1.5,yes,6.0,no,18,0.3,119,4,7.0,340,1728,2926.0,17,13,9,yes,yes,yes,2
1447.0,no,0.5,no,,no,40,0.7,184,2,5.0,963,1062,471.0,8,4,20,no,no,yes,0
1973.0,yes,0.5,yes,3.0,no,21,0.8,95,8,7.0,127,507,1724.0,12,10,8,no,no,yes,1
1731.0,yes,2.3,yes,18.0,no,60,0.5,171,4,20.0,142,1039,1220.0,9,3,20,no,yes,no,1
1791.0,yes,0.5,yes,1.0,yes,33,0.5,110,5,4.0,371,682,594.0,17,8,16,yes,no,yes,0
851.0,no,2.3,yes,7.0,yes,54,1.0,101,2,9.0,788,1007,1005.0,12,2,14,yes,no,yes,0
,no,1.9,yes,0.0,yes,14,0.6,115,1,,395,1027,2439.0,6,3,12,yes,yes,yes,1
714.0,yes,0.5,no,1.0,no,30,0.3,145,4,2.0,643,1527,,12,10,10,no,yes,yes,1
951.0,no,0.5,no,6.0,yes,15,0.6,81,2,,854,935,,16,11,16,yes,yes,no,0
1448.0,no,0.5,yes,18.0,no,2,0.2,100,5,19.0,846,1144,593.0,9,4,18,yes,yes,yes,0
1987.0,yes,1.9,no,0.0,no,50,0.7,119,8,18.0,960,1925,857.0,12,4,6,yes,yes,no,1
908.0,no,2.1,no,1.0,no,44,0.6,95,5,2.0,154,941,3518.0,16,12,7,yes,yes,yes,3
820.0,no,0.5,yes,2.0,no,58,0.3,160,4,4.0,468,694,1284.0,17,7,17,no,no,yes,0
904.0,no,2.7,yes,4.0,no,19,0.6,147,6,7.0,1094,1496,545.0,19,18,16,no,no,no,0
,no,2.4,no,,yes,6,0.9,92,6,9.0,629,1299,,12,1,14,yes,no,no,1
1600.0,no,2.5,yes,1.0,no,19,0.6,88,6,9.0,831,1713,1179.0,10,3,18,no,no,yes,1
1454.0,no,1.4,yes,8.0,no,37,0.8,80,8,20.0,903,910,1713.0,16,0,19,no,no,no,1
1489.0,no,2.1,yes,0.0,no,9,0.4,169,3,1.0,923,1759,10000.0,9,3,14,yes,no,yes,1
1581.0,yes,1.0,no,,no,41,0.4,172,4,19.0,693,850,1384.0,19,9,2,no,yes,yes,1
1672.0,yes,1.7,yes,1.0,yes,44,0.5,172,8,4.0,1250,1435,10000.0,11,6,7,yes,yes,yes,1
630.0,no,2.0,no,,yes,14,0.5,180,8,13.0,66,1448,1212.0,12,8,12,yes,no,no,0
1811.0,yes,0.5,yes,0.0,no,32,1.0,115,6,0.0,204,1132,348.0,17,11,18,yes,no,yes,0
,yes,2.5,no,9.0,no,40,0.2,109,5,20.0,376,1957,,12,7,8,no,yes,no,1
,yes,2.9,yes,5.0,no,18,0.7,141,2,,1083,1492,980.0,13,7,16,no,no,yes,0
1933.0,no,2.8,yes,1.0,no,16,0.5,154,3,9.0,229,1473,838.0,14,2,18,no,yes,no,0
915.0,no,2.0,no,8.0,yes,31,0.3,91,3,20.0,875,1316,378.0,11,6,9,yes,yes,no,0
1006.0,no,2.2,yes,,yes,22,0.8,135,4,,35,991,909.0,18,4,7,yes,no,yes,0
599.0,yes,2.9,no,0.0,yes,64,0.3,186,8,1.0,103,646,3396.0,5,3,7,yes,no,no,2
973.0,no,0.5,yes,5.0,no,53,0.5,196,5,7.0,105,588,1861.0,13,10,16,no,yes,no,1
1180.0,yes,2.5,no,0.0,yes,27,0.1,90,6,1.0,168,540,348.0,7,5,19,yes,yes,yes,0
659.0,no,0.5,yes,7.0,yes,5,0.3,169,8,10.0,659,730,2190.0,16,10,16,yes,yes,no,1
1142.0,yes,1.4,yes,6.0,no,6,0.7,190,8,8.0,534,855,663.0,12,4,5,no,yes,yes,0
1002.0,no,2.7,yes,16.0,yes,11,0.4,185,6,18.0,285,512,961.0,10,7,19,yes,no,yes,0
10000.0,no,2.5,no,0.0,yes,44,0.7,113,4,2.0,482,1098,1280.0,8,1,16,yes,no,yes,1
602.0,no,0.9,no,9.0,no,50,0.9,141,8,18.0,1571,1717,2189.0,7,5,16,no,yes,no,2
1249.0,yes,0.5,no,3.0,yes,55,0.8,140,3,8.0,605,1193,531.0,18,10,13,yes,yes,yes,0
531.0,yes,0.5,yes,0.0,yes,12,0.5,121,4,,158,1657,2331.0,18,12,20,yes,no,yes,1
1450.0,no,2.1,no,1.0,no,31,0.6,114,5,4.0,1573,1639,794.0,11,5,9,no,yes,yes,1
832.0,yes,0.5,no,5.0,yes,22,0.6,198,1,8.0,343,1431,1666.0,15,4,20,yes,yes,yes,1
867.0,yes,1.5,no,0.0,yes,57,0.1,159,4,,289,724,2157.0,8,6,18,yes,no,no,1
,no,2.1,no,16.0,no,44,0.9,151,1,20.0,1703,1880,1196.0,10,6,5,no,no,yes,1
1368.0,no,0.5,no,10.0,yes,42,0.2,91,1,20.0,907,925,1590.0,12,0,14,yes,no,no,1
1201.0,yes,0.5,no,1.0,yes,10,0.4,198,6,5.0,1151,1723,726.0,11,4,3,yes,yes,no,0
1147.0,no,0.8,yes,11.0,no,28,0.7,158,6,,1085,1134,2627.0,18,3,15,yes,no,yes,2
776.0,yes,1.7,no,0.0,yes,20,1.0,146,4,9.0,991,1803,685.0,15,11,7,yes,yes,yes,0
510.0,no,2.6,no,0.0,no,33,0.1,110,6,10.0,1052,1897,1693.0,6,2,5,no,yes,no,1
,no,2.2,no,0.0,yes,40,0.8,94,4,20.0,323,978,10000.0,16,11,4,yes,yes,yes,0
1576.0,yes,2.0,no,0.0,yes,20,0.6,148,3,0.0,410,1551,1379.0,17,1,16,yes,no,yes,1
714.0,yes,2.1,yes,5.0,yes,11,0.1,197,3,6.0,1750,1857,10000.0,15,12,19,yes,yes,no,1
10000.0,no,1.9,yes,1.0,no,63,0.9,88,1,20.0,1475,1988,908.0,18,13,6,no,no,yes,1
541.0,no,1.0,no,0.0,yes,10,0.4,127,4,0.0,1836,1873,,19,9,15,yes,yes,no,1
10000.0,no,1.1,yes,2.0,yes,5,0.2,98,1,13.0,539,1240,1470.0,12,0,12,yes,no,no,1
1150.0,yes,2.7,no,0.0,no,39,0.4,151,8,1.0,397,800,999.0,6,2,11,yes,yes,no,0
1254.0,yes,2.3,no,0.0,yes,44,0.2,149,1,10.0,204,1021,3011.0,7,4,12,yes,yes,no,2
603.0,no,1.5,no,8.0,no,12,0.7,114,6,20.0,1003,1284,1543.0,7,5,19,yes,yes,no,1
10000.0,no,2.3,no,,yes,31,0.8,145,6,14.0,264,519,,13,7,17,yes,no,yes,1
565.0,no,0.6,yes,1.0,no,50,0.1,158,2,,543,703,2156.0,13,6,6,yes,yes,yes,1
1689.0,yes,0.5,no,11.0,no,9,0.5,150,5,15.0,467,675,2637.0,8,4,3,yes,no,no,2
742.0,yes,2.3,no,0.0,no,21,0.7,104,8,1.0,875,925,331.0,11,8,7,yes,no,no,0
1143.0,no,1.2,yes,1.0,yes,22,1.0,125,3,,1116,1724,1214.0,12,5,16,yes,yes,no,1
772.0,yes,1.2,yes,7.0,yes,8,0.6,134,7,8.0,552,1802,422.0,7,6,15,yes,no,no,0
1015.0,yes,0.8,no,5.0,no,12,0.5,102,3,14.0,335,679,,5,1,2,no,yes,no,1
1130.0,yes,0.5,yes,1.0,yes,29,0.7,130,1,14.0,593,1327,432.0,6,1,10,yes,yes,yes,0
1183.0,yes,0.5,yes,,yes,48,0.1,120,8,12.0,268,1010,1152.0,8,3,3,yes,no,no,0
574.0,yes,2.0,yes,0.0,yes,26,0.5,118,6,2.0,382,1364,1303.0,8,4,2,yes,no,yes,0
1472.0,no,3.0,no,,yes,20,0.3,169,2,6.0,443,892,797.0,6,1,11,yes,yes,no,0
1868.0,yes,0.5,no,2.0,yes,40,0.9,179,8,17.0,576,884,298.0,8,2,17,yes,yes,no,0
1375.0,no,2.9,no,2.0,no,20,0.4,147,6,7.0,596,679,3847.0,8,0,12,yes,no,yes,3
881.0,no,1.0,no,1.0,no,64,0.5,160,3,6.0,115,636,2110.0,18,9,6,yes,yes,yes,1
1742.0,yes,0.5,yes,5.0,yes,43,0.9,176,3,7.0,356,1407,1921.0,9,2,3,yes,yes,no,2
1970.0,yes,0.5,yes,0.0,yes,15,1.0,132,2,,1399,1684,1658.0,15,9,20,yes,yes,yes,2
,yes,0.5,yes,2.0,no,21,0.4,160,8,4.0,68,584,2361.0,17,8,7,yes,no,no,1
1762.0,no,0.7,no,7.0,no,60,0.1,157,4,10.0,643,790,1380.0,14,5,14,yes,no,no,1
10000.0,no,1.8,yes,5.0,yes,8,0.8,160,5,9.0,683,1349,315.0,7,6,20,yes,no,no,0
848.0,yes,1.5,yes,4.0,yes,36,0.3,151,4,16.0,56,527,2289.0,10,2,19,yes,yes,yes,1
1575.0,no,2.5,yes,0.0,yes,11,0.2,185,7,20.0,492,818,2182.0,7,3,17,yes,yes,no,2
827.0,yes,0.6,yes,9.0,yes,35,0.2,87,6,17.0,23,826,2367.0,5,3,15,yes,no,yes,1
,no,1.5,no,7.0,no,3,0.9,155,4,10.0,394,849,1919.0,12,10,20,yes,yes,no,1
1343.0,no,2.4,yes,5.0,yes,14,0.9,81,8,10.0,1063,1205,462.0,18,7,11,yes,yes,yes,0
834.0,no,0.5,no,2.0,yes,27,0.2,123,1,16.0,1421,1463,1591.0,11,9,20,yes,yes,no,1
10000.0,no,2.6,no,0.0,yes,20,0.4,122,2,18.0,623,816,,19,11,2,yes,no,yes,0
1081.0,yes,1.9,yes,13.0,yes,42,0.1,101,7,17.0,83,816,2456.0,7,4,7,yes,no,no,1
1335.0,yes,3.0,no,3.0,no,60,0.8,180,2,4.0,83,559,10000.0,5,2,9,yes,no,no,3
1128.0,yes,0.5,yes,6.0,no,33,0.6,147,8,7.0,938,1226,1440.0,17,15,19,yes,no,no,1
826.0,yes,2.4,yes,14.0,yes,57,0.6,117,2,17.0,1077,1183,1907.0,15,14,5,yes,no,no,1
1650.0,no,2.3,no,0.0,yes,38,0.7,89,1,,773,881,324.0,14,10,2,yes,yes,yes,0
1162.0,no,1.0,no,0.0,no,50,0.5,104,4,10.0,332,866,1404.0,10,3,15,yes,yes,yes,1
963.0,no,0.5,no,1.0,yes,60,0.8,156,3,3.0,742,821,2722.0,12,6,16,yes,no,no,2
1028.0,yes,2.8,no,1.0,yes,30,0.1,193,1,10.0,1801,1923,1424.0,18,4,13,yes,no,yes,1
1831.0,yes,2.2,yes,4.0,no,55,1.0,189,8,9.0,1693,1790,,14,3,10,no,yes,no,1
,yes,2.0,yes,5.0,yes,58,0.6,101,6,11.0,31,1536,555.0,19,10,11,yes,no,yes,0
,yes,0.5,no,0.0,yes,38,0.8,86,5,10.0,887,1775,435.0,9,2,2,yes,yes,no,0
622.0,yes,1.9,yes,12.0,no,11,0.8,193,8,,760,1964,3183.0,5,0,4,yes,yes,yes,2
600.0,yes,1.8,no,,yes,6,0.8,199,2,15.0,486,1032,10000.0,17,4,7,yes,yes,no,2
1412.0,no,0.6,no,,no,57,0.2,86,3,10.0,2,660,1853.0,15,10,18,no,no,yes,1
,yes,3.0,no,9.0,no,19,0.8,160,7,16.0,90,1614,2647.0,14,13,20,no,yes,no,2
875.0,yes,0.7,yes,1.0,no,30,0.7,146,8,8.0,469,853,702.0,19,15,15,yes,yes,yes,0
1994.0,yes,0.7,no,5.0,no,5,0.4,189,2,7.0,86,1546,1836.0,12,11,18,yes,no,no,2
1330.0,yes,1.8,yes,1.0,no,40,0.5,177,1,5.0,194,892,2678.0,9,4,14,yes,yes,yes,2
1776.0,no,2.2,no,2.0,no,20,0.9,82,6,,1563,1803,2671.0,15,10,12,no,yes,yes,3
1611.0,no,0.5,yes,,yes,27,0.9,199,1,10.0,163,1011,3078.0,15,2,6,yes,no,yes,2
1772.0,yes,1.6,no,17.0,yes,45,0.5,159,2,18.0,837,1405,10000.0,6,1,17,yes,yes,no,1
1280.0,yes,1.3,no,0.0,yes,39,1.0,108,7,1.0,356,588,2335.0,6,4,2,yes,no,yes,1
10000.0,yes,0.9,yes,2.0,no,23,1.0,155,7,19.0,155,663,1422.0,5,0,15,yes,yes,no,1
891.0,no,1.9,yes,1.0,yes,18,0.1,153,6,3.0,40,1435,1303.0,17,16,4,yes,yes,yes,0
1957.0,no,1.2,yes,,yes,36,0.8,151,2,19.0,1194,1727,1115.0,16,2,18,yes,no,yes,1
1110.0,no,0.6,no,1.0,no,42,0.9,192,5,,1179,1262,,12,8,18,yes,yes,no,0
769.0,no,0.5,yes,12.0,yes,54,0.2,112,4,19.0,1385,1780,941.0,15,8,20,yes,no,yes,0
911.0,yes,2.2,yes,1.0,yes,28,0.5,182,2,2.0,157,763,2638.0,8,4,13,yes,yes,yes,1
1273.0,yes,0.7,no,1.0,no,23,0.6,178,6,14.0,485,1399,558.0,8,5,13,yes,no,no,0
1062.0,no,0.5,no,3.0,yes,39,0.9,124,4,4.0,571,817,1345.0,16,0,11,yes,no,yes,0
1317.0,no,1.5,no,6.0,no,12,0.1,154,2,9.0,431,542,425.0,7,0,11,yes,yes,yes,0
940.0,no,2.9,no,0.0,no,16,0.7,115,4,1.0,499,1090,2192.0,15,13,9,yes,yes,yes,1
1494.0,no,2.4,no,,yes,3,0.9,93,7,,944,1003,10000.0,14,13,17,yes,yes,no,1
1546.0,yes,1.6,yes,,yes,27,0.7,124,2,,1138,1491,267.0,12,10,16,yes,yes,no,0
1253.0,no,0.7,no,0.0,yes,34,0.9,113,4,10.0,161,647,3518.0,7,3,8,yes,yes,yes,3
793.0,yes,1.9,yes,0.0,yes,43,0.3,124,8,2.0,15,1196,1050.0,11,9,3,yes,yes,yes,0
1110.0,no,1.5,no,2.0,yes,12,0.3,153,8,5.0,961,1950,624.0,9,7,15,yes,no,no,0
999.0,no,1.7,no,,no,49,0.6,132,1,17.0,608,1970,1598.0,7,0,8,no,yes,no,1
1715.0,no,2.6,yes,9.0,yes,15,0.6,120,6,20.0,114,1849,1249.0,16,2,4,yes,yes,no,1
1897.0,yes,1.9,no,2.0,yes,54,0.3,154,2,7.0,630,738,412.0,17,11,2,yes,no,no,0
1202.0,yes,2.4,yes,0.0,no,19,0.1,122,2,1.0,404,1742,595.0,19,0,3,no,no,no,0
10000.0,yes,1.7,yes,2.0,no,19,0.3,167,7,19.0,248,755,263.0,6,5,8,no,no,no,0
1973.0,yes,2.4,yes,6.0,no,46,0.1,193,4,10.0,699,851,639.0,6,0,3,no,no,yes,0
546.0,yes,2.6,yes,5.0,no,26,1.0,159,5,15.0,416,1658,1550.0,7,2,3,no,yes,no,1
1093.0,no,0.5,no,1.0,yes,31,0.6,171,2,12.0,1310,1420,1646.0,12,0,6,yes,yes,no,1
1830.0,no,0.5,no,0.0,no,7,0.9,191,6,12.0,460,1583,2334.0,8,7,14,no,yes,no,2
826.0,no,0.6,no,3.0,no,62,0.7,187,4,19.0,778,1615,1998.0,17,4,17,no,no,no,1
586.0,yes,0.6,no,16.0,yes,42,0.3,121,7,17.0,785,1118,1869.0,12,2,7,yes,yes,yes,1
848.0,yes,2.8,no,1.0,no,8,0.1,103,7,3.0,7,1294,436.0,10,6,15,yes,yes,yes,0
1776.0,yes,2.1,yes,10.0,no,35,0.1,172,4,16.0,278,623,1813.0,16,13,20,yes,yes,yes,1
1254.0,yes,1.2,no,2.0,yes,27,0.2,134,2,10.0,1288,1372,817.0,14,1,16,yes,yes,yes,0
984.0,yes,2.2,yes,0.0,yes,39,0.5,119,8,18.0,56,1931,2013.0,11,7,16,yes,yes,no,1
1179.0,yes,0.8,no,,no,5,0.9,154,5,17.0,913,1429,,8,7,18,no,no,yes,0
513.0,no,1.9,no,8.0,no,27,0.4,174,8,13.0,282,710,3400.0,16,6,13,no,yes,yes,2
557.0,no,0.5,yes,3.0,no,17,0.2,89,6,4.0,322,710,2623.0,17,16,16,no,no,no,1
1129.0,yes,0.8,yes,9.0,yes,21,0.6,116,2,10.0,1128,1702,1400.0,11,0,13,yes,yes,no,1
1793.0,no,2.7,no,12.0,yes,44,0.7,175,5,17.0,655,1459,,19,9,6,yes,yes,yes,3
1604.0,no,1.2,no,,no,6,0.5,191,6,15.0,68,1042,3564.0,7,2,2,yes,yes,no,3
1676.0,no,1.6,no,2.0,no,37,0.2,145,1,3.0,134,1197,2515.0,14,8,4,yes,no,yes,2
1001.0,no,2.8,yes,1.0,no,40,0.2,117,3,7.0,922,1836,3654.0,13,9,10,yes,yes,yes,3
1641.0,no,1.1,no,,no,48,0.7,97,8,7.0,224,1994,1695.0,13,6,17,yes,no,yes,2
1057.0,yes,2.7,no,3.0,yes,41,0.1,97,4,10.0,397,891,2033.0,16,9,2,yes,yes,no,1
,no,1.5,no,1.0,no,62,1.0,182,1,2.0,386,1046,1017.0,11,3,9,yes,no,no,1
10000.0,yes,3.0,yes,5.0,yes,38,0.8,193,2,10.0,214,1970,1686.0,8,1,8,yes,no,yes,1
1000.0,no,2.7,no,1.0,yes,58,1.0,135,5,12.0,461,833,862.0,7,0,20,yes,no,no,0
,no,0.5,no,6.0,yes,11,0.3,81,5,14.0,125,675,957.0,6,5,11,yes,yes,no,0
,no,1.2,no,12.0,no,30,0.9,131,6,14.0,625,761,1656.0,8,4,15,yes,yes,yes,1
1194.0,no,2.3,no,6.0,yes,34,0.2,165,2,12.0,494,509,313.0,15,1,19,yes,yes,no,0
1469.0,no,1.7,yes,11.0,yes,44,0.5,169,2,14.0,484,711,1687.0,15,5,5,yes,yes,yes,1
986.0,yes,0.8,no,13.0,yes,28,0.8,182,4,20.0,199,679,1149.0,8,7,18,yes,yes,no,0
1843.0,no,2.8,no,1.0,yes,62,0.8,104,3,7.0,21,832,3899.0,5,4,6,yes,no,yes,3
1695.0,yes,0.5,yes,2.0,yes,47,0.5,189,5,13.0,308,1208,1629.0,8,6,11,yes,yes,no,1
,yes,2.8,yes,16.0,no,41,1.0,180,8,17.0,406,1036,2341.0,10,9,16,no,no,yes,2
1109.0,yes,2.8,yes,6.0,no,57,0.9,151,1,12.0,124,833,2785.0,15,10,16,yes,no,no,2
936.0,no,0.5,yes,14.0,yes,14,0.1,164,3,17.0,150,1677,3761.0,13,1,12,yes,no,no,3
1713.0,yes,2.0,no,9.0,yes,5,0.7,199,6,16.0,108,1963,,15,6,2,yes,no,yes,1
1175.0,yes,1.7,yes,1.0,yes,45,0.6,167,2,7.0,90,557,2240.0,10,6,5,yes,yes,no,1
1940.0,yes,1.0,yes,0.0,yes,5,0.2,194,4,1.0,588,1809,820.0,19,18,3,yes,yes,yes,1
855.0,yes,0.5,no,2.0,yes,59,0.5,159,2,3.0,1028,1196,,16,8,8,yes,yes,yes,1
771.0,yes,0.5,yes,0.0,yes,33,0.1,157,3,,776,1247,920.0,16,2,10,yes,yes,yes,0
,no,2.5,no,10.0,yes,63,1.0,174,4,14.0,278,584,,18,8,13,yes,no,yes,2
1307.0,no,1.8,no,2.0,no,7,0.6,88,7,3.0,897,1103,10000.0,16,9,5,no,no,yes,1
1948.0,no,2.9,yes,4.0,no,5,0.2,136,1,13.0,651,700,,6,1,10,no,yes,no,0
1509.0,no,0.6,yes,5.0,no,50,0.3,81,4,8.0,1010,1684,,12,8,3,yes,yes,no,1
626.0,yes,2.8,yes,3.0,yes,11,0.8,109,2,9.0,737,1759,1077.0,6,1,4,yes,no,yes,0
1727.0,yes,2.1,yes,10.0,no,57,0.3,158,6,18.0,376,1288,512.0,5,2,6,no,no,no,0
1670.0,yes,3.0,no,14.0,no,62,0.5,114,8,20.0,1117,1330,3024.0,6,0,20,no,no,yes,3
1150.0,yes,0.5,yes,4.0,yes,27,1.0,134,1,17.0,234,1947,1610.0,11,0,16,yes,no,no,1
1208.0,no,2.9,no,5.0,yes,16,1.0,175,1,19.0,691,1028,2201.0,17,16,12,yes,no,no,1
1559.0,yes,1.3,yes,10.0,yes,10,0.3,114,8,,117,681,2203.0,7,5,15,yes,yes,yes,1
1902.0,no,0.5,no,,no,13,0.2,155,4,11.0,766,877,940.0,14,10,15,yes,yes,no,1
1751.0,no,2.5,no,1.0,no,4,0.6,146,8,9.0,1499,1952,1155.0,19,14,12,no,yes,yes,1
1003.0,yes,2.9,no,16.0,yes,16,0.6,119,8,19.0,190,1905,,16,7,10,yes,no,no,1
1967.0,no,0.5,no,0.0,yes,46,0.6,199,1,7.0,518,1374,1567.0,15,2,7,yes,yes,no,1
962.0,no,1.0,yes,14.0,no,2,0.9,125,1,,1618,1916,1491.0,16,2,14,yes,no,no,1
1487.0,no,1.5,no,5.0,yes,42,0.8,120,2,7.0,857,989,2003.0,12,4,3,yes,no,no,2
1146.0,no,3.0,no,5.0,yes,57,0.4,111,5,10.0,73,583,291.0,19,9,11,yes,yes,yes,0
1379.0,yes,1.5,no,6.0,yes,9,0.8,118,8,13.0,98,755,1693.0,11,4,18,yes,no,yes,1
1504.0,no,1.9,yes,7.0,yes,25,0.3,152,4,9.0,395,1853,1788.0,13,11,13,yes,no,yes,1
1630.0,yes,2.8,yes,,yes,32,0.9,80,6,1.0,712,1726,1751.0,12,10,20,yes,no,yes,2
,yes,2.7,no,10.0,no,23,0.4,117,1,14.0,774,939,1641.0,14,8,12,yes,yes,no,1
807.0,yes,0.5,yes,0.0,no,37,0.2,127,4,0.0,245,829,2319.0,5,4,4,no,no,no,1
1996.0,yes,2.8,yes,0.0,yes,7,0.1,138,5,4.0,937,1083,,17,14,16,yes,no,no,1
1083.0,yes,2.0,no,3.0,no,41,0.7,158,5,5.0,937,1164,10000.0,18,3,10,no,no,yes,1
535.0,no,1.9,no,5.0,no,24,0.2,190,8,19.0,398,1775,10000.0,9,3,4,no,no,no,0
1606.0,yes,0.5,yes,,yes,33,0.9,200,5,0.0,157,770,3437.0,11,1,2,yes,no,no,3
1603.0,yes,0.5,yes,1.0,yes,17,0.5,114,2,8.0,430,1207,1637.0,17,3,11,yes,no,yes,1
1958.0,no,0.5,no,6.0,yes,52,0.4,153,1,14.0,1524,1848,3064.0,7,6,3,yes,no,no,3
1441.0,no,0.6,yes,0.0,yes,53,0.5,106,1,12.0,254,954,1393.0,9,4,4,yes,yes,yes,1
1619.0,yes,0.9,no,,no,20,0.9,117,6,9.0,813,1180,464.0,7,5,16,yes,no,yes,0
1002.0,yes,1.8,no,1.0,no,45,0.7,180,7,7.0,948,1007,1234.0,19,13,18,yes,yes,no,0
742.0,yes,0.5,no,0.0,yes,36,0.7,139,3,1.0,1161,1288,292.0,8,0,6,yes,yes,yes,0
942.0,no,1.4,yes,8.0,no,27,0.5,91,4,9.0,754,1532,587.0,6,3,13,no,yes,yes,0
1290.0,yes,1.4,yes,,yes,35,0.3,110,4,20.0,405,742,879.0,16,2,8,yes,no,no,0
930.0,no,2.1,yes,0.0,no,54,0.9,80,1,13.0,1569,1763,1743.0,7,1,9,no,yes,no,2
1699.0,yes,0.5,no,16.0,no,21,0.1,156,4,,105,1099,1181.0,16,0,18,yes,yes,no,1
10000.0,no,1.0,yes,0.0,yes,56,0.4,146,4,14.0,657,1657,562.0,17,14,8,yes,yes,yes,0
916.0,yes,0.5,no,0.0,yes,47,0.2,82,4,1.0,1147,1393,10000.0,11,10,11,yes,yes,no,1
1083.0,yes,1.4,yes,2.0,yes,49,0.8,156,5,9.0,295,503,1338.0,16,8,5,yes,yes,yes,0
1969.0,no,0.8,yes,5.0,yes,7,0.2,85,8,20.0,332,764,315.0,16,7,7,yes,yes,no,0
1337.0,yes,2.7,yes,0.0,no,5,0.7,200,4,1.0,161,1029,3242.0,10,1,20,no,yes,no,2
833.0,yes,0.6,yes,0.0,yes,27,0.3,145,4,2.0,649,1290,586.0,19,8,19,yes,no,yes,0
1174.0,yes,0.9,no,7.0,no,30,1.0,147,4,20.0,744,1244,804.0,17,14,16,no,yes,yes,0
1002.0,no,2.6,yes,7.0,no,27,0.1,146,1,10.0,115,1111,1295.0,18,15,17,yes,no,yes,0
1117.0,yes,0.5,yes,2.0,no,21,0.1,177,2,19.0,495,1035,1999.0,15,9,2,yes,no,yes,1
1065.0,no,2.8,yes,0.0,yes,21,0.1,158,5,3.0,760,1722,,16,13,20,yes,no,yes,1
1982.0,no,1.1,no,12.0,no,24,0.1,129,7,16.0,764,1873,3511.0,16,14,15,yes,yes,yes,3
,no,1.1,yes,6.0,yes,20,1.0,192,2,8.0,776,1005,885.0,11,1,14,yes,yes,no,0
1066.0,no,3.0,yes,6.0,yes,5,0.5,167,5,7.0,53,1504,1044.0,8,7,11,yes,no,no,0
681.0,no,0.5,yes,12.0,yes,17,0.9,194,5,19.0,371,1702,2548.0,6,1,5,yes,no,yes,2
1163.0,yes,2.1,yes,0.0,yes,19,0.9,132,2,1.0,728,818,2940.0,13,0,15,yes,no,yes,2
1779.0,yes,2.6,yes,2.0,no,5,0.8,90,1,3.0,1225,1717,10000.0,12,2,20,no,yes,no,1
511.0,no,0.9,yes,15.0,yes,24,0.6,136,3,18.0,367,1264,2378.0,18,3,4,yes,no,no,1
10000.0,no,1.8,no,4.0,yes,12,0.7,104,6,5.0,1230,1263,1794.0,18,7,19,yes,yes,yes,1
946.0,yes,1.4,no,9.0,no,26,0.1,186,6,10.0,273,891,1637.0,7,3,6,yes,no,yes,0
657.0,yes,1.9,yes,2.0,no,21,0.1,110,8,8.0,705,1905,783.0,6,1,11,yes,yes,no,0
731.0,yes,0.5,yes,0.0,yes,28,0.5,130,8,0.0,424,1032,1774.0,12,8,10,yes,no,no,1
926.0,yes,0.8,no,6.0,yes,59,0.8,161,7,14.0,84,793,256.0,18,7,2,yes,no,yes,0
1261.0,no,0.5,no,3.0,yes,52,0.3,86,2,9.0,605,1429,1365.0,9,3,16,yes,no,yes,1
936.0,yes,2.3,no,5.0,yes,57,0.2,129,2,6.0,657,938,2049.0,12,8,5,yes,yes,no,1
1339.0,yes,0.5,yes,10.0,yes,21,0.5,80,4,11.0,833,1441,867.0,8,3,3,yes,yes,no,0
508.0,yes,1.3,no,,no,50,0.7,82,5,9.0,102,1195,2175.0,14,4,14,no,no,yes,1
,no,1.3,yes,1.0,no,10,0.1,104,4,,258,1889,609.0,11,3,5,yes,no,yes,0
581.0,no,0.6,no,5.0,yes,56,0.2,180,2,10.0,523,565,354.0,10,4,13,yes,yes,yes,0
1936.0,no,1.3,no,2.0,no,44,0.1,139,3,3.0,570,1021,10000.0,17,7,3,no,no,yes,1
1329.0,yes,1.7,no,,yes,23,0.6,198,8,,380,682,,11,10,9,yes,yes,no,1
,yes,0.5,yes,3.0,no,46,0.5,105,8,15.0,119,529,1082.0,15,5,10,yes,no,yes,0
765.0,yes,2.5,no,3.0,no,44,0.3,88,8,11.0,1364,1851,2256.0,6,1,19,no,yes,yes,2
993.0,yes,2.3,yes,,no,16,0.4,106,7,13.0,424,1639,1113.0,14,1,6,no,no,yes,0
1136.0,yes,1.6,no,15.0,no,32,0.5,150,6,19.0,961,1030,3210.0,10,3,8,yes,yes,yes,3
733.0,yes,0.6,yes,0.0,no,63,0.3,105,7,10.0,950,1739,984.0,17,4,9,yes,no,yes,0
1230.0,yes,1.6,no,0.0,yes,48,0.7,111,7,2.0,1960,1963,1622.0,18,17,16,yes,yes,yes,2
1577.0,no,1.0,yes,0.0,yes,64,0.1,105,3,7.0,116,1432,2967.0,7,3,7,yes,yes,yes,3
1514.0,yes,1.4,no,3.0,yes,12,0.6,138,3,4.0,306,538,1037.0,15,3,15,yes,no,yes,0
579.0,yes,2.5,no,3.0,no,7,1.0,89,8,10.0,808,1517,2908.0,12,4,11,no,no,yes,2
574.0,yes,3.0,no,1.0,yes,30,0.9,126,2,3.0,94,1334,1167.0,5,3,19,yes,no,no,0
843.0,no,1.3,yes,1.0,no,16,0.9,119,7,4.0,593,732,1734.0,17,8,14,no,no,yes,1
909.0,yes,0.7,yes,7.0,no,47,0.1,146,3,9.0,410,1643,1244.0,14,10,16,no,yes,no,0
10000.0,no,1.3,yes,9.0,yes,64,1.0,98,3,19.0,600,1211,3132.0,17,0,2,yes,yes,yes,3
1251.0,no,0.5,yes,10.0,yes,29,0.7,133,6,,308,591,1052.0,11,9,11,yes,no,no,0
1354.0,yes,0.7,yes,3.0,yes,26,0.5,136,4,6.0,297,918,10000.0,5,1,13,yes,yes,no,1
10000.0,no,0.5,yes,16.0,yes,23,0.6,80,4,18.0,1399,1663,1053.0,14,11,16,yes,yes,yes,1
583.0,yes,0.9,yes,1.0,no,51,0.9,88,8,2.0,1658,1794,1799.0,16,9,7,no,yes,no,1
1203.0,yes,0.5,yes,0.0,yes,11,0.9,109,2,12.0,35,510,1672.0,17,13,19,yes,yes,no,0
1777.0,no,2.2,yes,0.0,no,15,0.2,100,4,7.0,553,874,1552.0,10,8,10,yes,yes,no,1
1299.0,yes,2.8,yes,0.0,no,64,0.5,83,6,6.0,46,908,1938.0,19,8,5,yes,no,yes,1
527.0,no,0.7,yes,4.0,no,53,0.9,128,1,11.0,67,1924,1302.0,13,7,13,no,no,no,0
793.0,yes,2.8,yes,1.0,yes,64,0.4,179,4,2.0,818,1006,2296.0,12,0,5,yes,yes,no,1
873.0,yes,0.5,yes,6.0,no,8,0.6,152,7,9.0,1257,1411,575.0,15,8,7,yes,no,yes,0
,no,1.1,no,12.0,no,12,1.0,93,6,20.0,138,1371,2359.0,13,6,3,no,no,no,1
1358.0,no,1.7,no,0.0,no,60,0.6,147,3,1.0,889,1635,440.0,14,10,13,yes,no,no,0
1035.0,yes,1.9,yes,,no,11,1.0,173,6,,831,1709,2002.0,17,8,5,yes,yes,no,1
1702.0,yes,2.3,yes,12.0,yes,47,0.6,107,2,19.0,1284,1643,595.0,10,0,19,yes,no,yes,1
534.0,no,0.5,yes,4.0,no,2,0.2,85,5,16.0,911,1220,2466.0,5,3,18,no,yes,yes,2
628.0,yes,1.8,no,5.0,no,60,0.2,87,6,6.0,1047,1534,1337.0,12,7,14,no,yes,no,1
713.0,no,1.4,yes,4.0,no,53,0.8,98,1,17.0,123,1477,1462.0,19,18,13,yes,no,yes,0
1207.0,no,0.5,no,0.0,no,58,0.3,112,8,0.0,406,681,503.0,7,3,5,yes,yes,no,0
683.0,yes,2.1,no,7.0,no,30,0.1,197,7,8.0,927,1135,10000.0,9,0,15,no,no,no,1
594.0,yes,2.6,no,1.0,no,27,0.1,196,5,2.0,407,528,708.0,17,5,17,no,yes,yes,0
537.0,yes,2.0,no,1.0,yes,55,0.3,103,7,2.0,1041,1430,2029.0,10,5,12,yes,yes,yes,1
1565.0,yes,0.5,no,0.0,no,38,0.1,121,5,,781,1364,,19,17,7,yes,yes,yes,0
1052.0,no,0.9,no,1.0,no,6,0.8,195,4,16.0,1191,1839,552.0,6,1,11,no,no,yes,0
10000.0,no,1.6,no,4.0,yes,63,0.7,89,2,,103,1760,2082.0,15,10,12,yes,no,no,1
1541.0,yes,1.5,yes,6.0,yes,5,0.5,109,4,10.0,536,1656,,7,3,4,yes,yes,yes,1
,no,2.4,yes,1.0,no,51,0.2,104,5,,638,1831,594.0,16,6,20,yes,no,yes,0
665.0,yes,0.7,no,0.0,yes,31,0.1,185,5,2.0,496,1804,690.0,5,2,15,yes,no,no,0
877.0,no,1.5,yes,0.0,yes,17,0.1,195,7,0.0,1064,1985,2004.0,11,8,9,yes,yes,yes,1
1493.0,no,1.5,yes,13.0,no,53,0.5,102,5,16.0,240,1414,2083.0,19,15,20,no,yes,yes,2
842.0,yes,1.8,yes,4.0,no,57,1.0,124,3,10.0,348,730,1903.0,8,4,14,no,yes,no,1
1065.0,no,1.7,yes,4.0,yes,48,0.3,162,6,8.0,1188,1948,265.0,8,0,12,yes,no,no,0
958.0,yes,1.6,no,9.0,yes,60,0.4,200,1,12.0,730,751,1417.0,10,4,19,yes,no,yes,0
623.0,yes,0.8,no,6.0,yes,26,0.3,197,7,12.0,484,1238,1769.0,10,1,16,yes,no,no,1
897.0,no,1.4,yes,1.0,no,17,0.4,171,1,2.0,547,1852,2948.0,12,3,5,no,no,yes,2
1680.0,yes,1.2,yes,6.0,yes,37,0.7,168,4,7.0,679,1231,1459.0,15,3,2,yes,yes,no,1
983.0,no,0.6,yes,0.0,yes,45,0.1,130,4,11.0,948,1205,2052.0,5,3,6,yes,no,yes,1
720.0,yes,0.9,yes,,yes,14,0.8,165,4,14.0,366,1234,1086.0,14,7,3,yes,yes,no,0
,no,0.8,yes,1.0,no,52,0.9,103,7,10.0,332,970,1507.0,5,0,4,no,no,yes,0
969.0,no,1.8,yes,,yes,44,0.6,158,3,7.0,167,909,641.0,9,1,8,yes,no,yes,0
,yes,1.0,no,8.0,no,14,0.5,189,7,9.0,881,1129,1607.0,15,0,10,yes,yes,yes,0
689.0,no,2.9,yes,3.0,yes,7,0.8,147,2,6.0,487,722,1241.0,9,0,16,yes,no,no,0
,no,0.6,no,14.0,no,16,0.6,137,7,15.0,120,1429,,6,3,17,no,yes,yes,0
1944.0,no,0.6,yes,,yes,59,0.2,132,7,,634,1079,769.0,19,13,3,yes,no,yes,0
648.0,yes,1.8,no,1.0,yes,60,0.1,195,4,4.0,931,1811,819.0,10,3,4,yes,no,no,0
1702.0,yes,0.5,yes,8.0,no,2,0.6,185,6,19.0,921,1351,435.0,12,9,3,no,yes,yes,0
1571.0,no,2.9,no,1.0,no,30,0.9,150,7,3.0,805,956,586.0,10,9,4,no,yes,yes,0
856.0,yes,1.1,yes,14.0,yes,19,0.7,125,6,,1057,1931,650.0,17,0,10,yes,no,yes,0
1786.0,no,2.6,no,6.0,no,14,1.0,115,4,15.0,616,912,3038.0,18,0,14,yes,no,no,3
914.0,yes,0.7,no,1.0,yes,60,0.9,198,5,4.0,740,840,3736.0,14,8,5,yes,no,no,3
10000.0,yes,2.8,no,3.0,no,9,0.9,117,1,13.0,542,678,2948.0,8,3,3,yes,yes,no,2
649.0,yes,1.4,no,4.0,yes,19,0.8,190,7,12.0,344,1551,739.0,18,1,2,yes,yes,no,0
1646.0,no,2.5,no,,yes,25,0.6,200,2,5.0,211,1608,686.0,8,6,11,yes,yes,no,0
10000.0,yes,1.9,no,5.0,no,7,0.5,164,2,20.0,79,615,841.0,13,10,11,no,yes,no,0
1043.0,no,2.7,no,3.0,no,29,0.2,83,8,17.0,887,893,1183.0,5,3,8,yes,no,no,0
1920.0,no,0.6,yes,3.0,yes,19,0.5,131,3,,670,1152,10000.0,13,0,4,yes,yes,no,3
1220.0,yes,2.8,no,1.0,no,54,0.7,109,7,20.0,383,1249,1037.0,6,4,15,yes,no,no,0
,yes,0.5,yes,11.0,yes,53,0.5,114,4,20.0,718,1109,2633.0,16,0,9,yes,no,no,2
1234.0,no,1.7,yes,8.0,no,17,0.9,174,6,15.0,209,725,3351.0,12,9,19,no,no,yes,2
1745.0,no,2.9,no,0.0,yes,3,0.9,105,3,,426,1629,1308.0,5,0,2,yes,yes,no,1
1442.0,no,0.6,yes,1.0,no,27,0.4,127,5,8.0,266,642,991.0,14,8,7,yes,no,no,0
1083.0,yes,2.9,yes,1.0,yes,39,1.0,173,8,2.0,523,542,,8,6,6,yes,no,yes,2
868.0,yes,0.9,no,5.0,no,5,0.4,137,4,7.0,40,1311,1519.0,13,0,2,no,no,yes,0
864.0,no,1.6,yes,0.0,yes,53,0.3,88,6,1.0,262,1436,493.0,18,9,10,yes,yes,no,0
1142.0,yes,1.2,no,0.0,no,2,0.6,114,6,0.0,623,769,1747.0,7,0,14,no,yes,no,1
608.0,yes,0.5,yes,0.0,no,64,0.9,94,4,0.0,4,1351,2517.0,16,8,7,yes,yes,yes,1
983.0,no,1.8,no,0.0,yes,53,0.9,187,1,4.0,1001,1176,1389.0,17,8,8,yes,yes,yes,1
,no,2.1,yes,18.0,yes,16,0.5,196,7,20.0,952,1726,704.0,14,5,4,yes,yes,yes,0
1205.0,yes,2.7,no,5.0,no,10,0.1,163,6,10.0,321,1870,953.0,18,11,20,no,yes,yes,0
,no,0.9,yes,,no,42,0.1,94,1,14.0,1048,1123,928.0,12,10,9,no,no,yes,0
1082.0,no,2.3,yes,11.0,no,2,1.0,101,4,,398,724,2177.0,12,2,17,no,yes,no,1
1544.0,no,2.4,no,18.0,yes,12,0.1,186,7,20.0,470,844,489.0,9,4,2,yes,no,yes,0
1090.0,yes,2.3,no,1.0,yes,8,0.6,128,8,8.0,1217,1670,3839.0,17,3,11,yes,no,yes,3
1991.0,no,2.8,no,3.0,yes,15,0.1,181,1,,298,1037,1861.0,8,5,17,yes,yes,yes,1
1367.0,no,2.9,no,4.0,no,56,0.8,176,2,6.0,36,642,299.0,6,2,10,no,yes,no,0
,yes,0.5,no,7.0,yes,32,0.3,182,2,12.0,85,1451,340.0,16,5,16,yes,no,no,0
721.0,yes,2.7,yes,1.0,yes,15,0.2,102,5,18.0,655,1255,3606.0,10,0,5,yes,yes,yes,3
1549.0,yes,1.8,yes,0.0,no,62,0.7,91,4,,167,990,799.0,7,3,9,yes,no,yes,0
1349.0,yes,2.1,yes,3.0,no,46,0.9,134,6,12.0,212,623,2367.0,11,7,10,yes,no,yes,1
1799.0,no,1.0,no,1.0,yes,30,0.6,123,3,9.0,617,1386,445.0,10,8,10,yes,yes,no,0
1837.0,no,0.5,no,9.0,no,36,0.9,162,4,20.0,786,872,770.0,14,1,15,no,no,yes,0
1619.0,yes,1.9,no,,yes,21,0.4,138,1,9.0,46,562,1641.0,7,2,13,yes,no,no,1
730.0,no,1.5,no,,no,9,0.7,122,4,15.0,1371,1677,2787.0,10,8,7,yes,no,yes,2
1361.0,yes,1.4,no,1.0,no,47,1.0,169,5,,881,1382,2495.0,8,7,16,no,no,yes,2
1027.0,yes,0.8,no,,no,18,1.0,146,7,11.0,338,534,1234.0,7,4,14,yes,no,yes,0
1807.0,no,0.8,yes,0.0,yes,38,0.2,97,8,0.0,1332,1814,,7,6,7,yes,no,no,1
689.0,no,1.4,no,2.0,no,45,0.5,103,5,11.0,256,823,3585.0,10,1,10,yes,no,no,3
955.0,yes,0.5,no,2.0,no,2,0.6,155,4,10.0,428,1254,1974.0,14,1,18,yes,yes,no,1
1259.0,no,1.2,yes,,no,13,0.5,97,2,0.0,1210,1989,340.0,17,13,4,yes,no,yes,0
695.0,no,1.2,no,1.0,yes,41,0.4,169,8,8.0,789,1211,2282.0,5,2,17,yes,yes,no,1
1969.0,no,1.2,yes,9.0,no,63,0.2,132,4,11.0,390,756,298.0,10,1,10,yes,yes,no,0
759.0,no,2.5,no,3.0,yes,39,0.3,162,2,8.0,110,1317,,6,2,2,yes,no,no,0
1176.0,yes,2.1,no,2.0,yes,62,0.5,168,2,10.0,674,1455,10000.0,6,2,17,yes,no,no,1
,no,2.7,yes,0.0,yes,10,0.6,101,7,9.0,253,590,696.0,14,7,3,yes,yes,no,0
772.0,no,1.0,yes,0.0,yes,23,0.6,97,7,11.0,317,1805,2782.0,7,0,17,yes,no,no,2
1318.0,yes,2.4,no,1.0,yes,45,0.1,136,2,7.0,183,661,755.0,18,3,9,yes,no,yes,0
569.0,yes,2.5,yes,0.0,no,41,0.3,124,1,1.0,388,605,,17,7,4,no,no,no,1
764.0,no,1.0,yes,9.0,yes,45,0.5,124,8,11.0,52,539,1341.0,19,1,12,yes,no,no,0
1056.0,yes,2.1,yes,8.0,yes,37,0.7,101,3,11.0,914,979,2651.0,15,5,3,yes,yes,yes,2
1982.0,yes,1.6,no,2.0,yes,12,0.2,80,5,20.0,287,593,,13,3,14,yes,yes,yes,1
1830.0,yes,0.5,no,5.0,no,14,0.8,160,6,,773,1353,1905.0,16,3,19,yes,yes,yes,2
1122.0,no,0.5,no,0.0,yes,40,0.3,156,7,14.0,675,1163,1456.0,9,3,20,yes,yes,no,1
10000.0,yes,0.7,no,2.0,yes,63,0.7,153,7,8.0,367,1985,3155.0,11,10,7,yes,yes,yes,3
1283.0,yes,2.4,yes,8.0,yes,33,1.0,93,3,15.0,510,980,773.0,17,7,2,yes,yes,no,0
1854.0,no,0.9,yes,0.0,yes,33,0.4,195,1,0.0,665,718,1675.0,14,12,9,yes,no,yes,1
718.0,yes,1.6,yes,1.0,yes,30,0.4,93,3,12.0,662,997,1601.0,10,9,12,yes,yes,yes,1
897.0,yes,2.0,no,3.0,yes,2,0.6,154,8,10.0,0,994,1958.0,7,5,7,yes,yes,no,1
798.0,no,0.6,yes,6.0,yes,21,0.5,110,2,12.0,661,1951,1647.0,12,2,3,yes,no,no,1
1396.0,yes,0.6,no,,no,37,0.7,134,4,15.0,560,1177,,18,3,19,no,no,yes,2
,yes,0.5,yes,7.0,yes,49,0.8,178,1,8.0,470,775,2195.0,5,4,4,yes,no,yes,2
1279.0,yes,2.5,no,5.0,yes,7,0.5,105,6,6.0,560,1633,1150.0,7,2,7,yes,no,no,1
,no,2.9,no,7.0,no,6,0.7,102,6,8.0,405,1141,841.0,9,1,2,yes,no,no,0
544.0,yes,0.5,yes,2.0,yes,7,0.2,129,5,15.0,227,610,1675.0,13,4,17,yes,yes,no,0
1007.0,yes,2.9,yes,5.0,yes,21,0.8,185,8,12.0,479,831,1301.0,8,6,12,yes,yes,no,0
590.0,yes,1.2,yes,0.0,no,32,0.4,141,6,1.0,227,509,1817.0,10,0,6,no,yes,no,0
748.0,no,1.4,no,0.0,no,25,1.0,110,7,14.0,88,709,1974.0,17,5,13,no,yes,yes,1
1561.0,yes,1.6,yes,1.0,yes,27,0.8,174,3,10.0,662,874,1205.0,12,7,3,yes,yes,no,1
1327.0,no,2.8,no,10.0,no,23,0.5,89,7,16.0,441,1721,872.0,7,5,4,yes,yes,yes,0
797.0,yes,1.5,yes,4.0,no,18,0.6,81,8,20.0,888,1466,2052.0,9,3,14,yes,yes,yes,1
686.0,yes,2.7,yes,0.0,no,36,0.1,194,4,1.0,64,745,1503.0,10,0,13,no,no,no,0
555.0,yes,0.5,yes,2.0,no,17,0.2,163,5,12.0,956,1010,343.0,19,14,3,no,yes,yes,0
1589.0,no,0.6,no,,no,5,0.8,112,5,2.0,776,1397,3430.0,7,5,19,yes,yes,yes,3
1884.0,no,1.0,yes,3.0,no,24,0.5,149,6,,1168,1179,1396.0,15,8,9,yes,yes,yes,1
672.0,yes,0.6,yes,13.0,no,61,0.1,194,5,20.0,724,1127,1457.0,14,10,20,yes,no,yes,0
635.0,yes,0.5,no,9.0,no,16,1.0,110,7,17.0,599,1299,2452.0,19,17,8,yes,no,no,2
,yes,1.9,yes,3.0,no,55,0.2,113,3,4.0,3,629,1871.0,13,5,4,yes,no,yes,1
1753.0,no,0.7,no,4.0,no,40,0.6,191,4,11.0,1652,1983,1112.0,8,2,15,yes,yes,yes,1
659.0,no,1.4,yes,2.0,yes,3,0.1,85,8,6.0,190,657,967.0,10,1,14,yes,no,yes,0
1783.0,no,2.9,yes,2.0,no,42,0.7,104,6,,1081,1979,387.0,14,5,3,no,yes,no,1
1667.0,no,1.0,yes,0.0,yes,21,0.9,138,2,0.0,1211,1396,635.0,17,7,15,yes,no,no,0
538.0,no,1.1,yes,0.0,yes,25,0.3,163,7,7.0,455,537,2215.0,9,3,17,yes,yes,yes,1
10000.0,no,0.8,no,6.0,yes,46,0.8,89,6,9.0,42,807,824.0,19,18,7,yes,no,no,0
10000.0,yes,0.5,yes,9.0,yes,33,0.3,199,2,16.0,503,986,2156.0,7,3,13,yes,yes,no,1
1201.0,yes,0.5,no,2.0,no,10,1.0,99,7,7.0,306,558,495.0,15,6,14,yes,yes,yes,0
1379.0,no,1.1,yes,1.0,yes,18,0.2,129,2,16.0,838,885,2358.0,10,5,15,yes,yes,no,2
,yes,2.2,no,3.0,yes,53,0.7,169,5,,291,651,1744.0,6,3,10,yes,no,no,1
1614.0,no,1.2,no,1.0,yes,9,0.1,161,3,2.0,173,1219,1832.0,15,8,11,yes,no,no,1
930.0,yes,1.0,yes,4.0,yes,4,0.9,144,8,10.0,1017,1289,,13,10,16,yes,yes,yes,1
10000.0,no,2.6,no,,no,6,0.4,199,3,20.0,698,1018,10000.0,10,0,2,no,no,yes,1
1262.0,no,1.8,yes,12.0,no,34,0.1,149,5,16.0,223,737,3248.0,13,3,4,no,yes,yes,2
797.0,no,2.2,yes,0.0,no,37,0.9,144,7,2.0,206,1167,2216.0,9,5,6,yes,no,no,1
1829.0,yes,2.1,no,8.0,no,59,0.1,91,5,,1457,1919,3142.0,16,6,5,yes,yes,yes,3
1139.0,yes,0.9,yes,6.0,yes,58,0.5,161,2,11.0,742,999,1850.0,9,4,8,yes,no,no,1
618.0,yes,1.0,no,9.0,yes,13,0.1,80,4,15.0,591,724,,15,12,7,yes,yes,no,0
1547.0,yes,2.9,no,2.0,no,57,0.4,114,1,3.0,347,957,1620.0,9,2,19,no,yes,yes,1
586.0,no,2.8,no,2.0,no,15,0.2,83,3,11.0,241,854,,12,8,3,no,no,no,1
1617.0,yes,2.4,no,8.0,yes,36,0.8,85,1,9.0,743,1426,296.0,5,3,7,yes,no,no,0
,yes,2.9,yes,1.0,no,21,0.2,198,3,4.0,576,1809,1180.0,6,3,4,yes,yes,yes,0
794.0,yes,0.5,yes,0.0,yes,2,0.8,106,6,,1222,1890,668.0,13,4,19,yes,yes,no,0
1512.0,no,0.9,no,4.0,yes,46,0.1,145,5,5.0,336,670,10000.0,18,10,19,yes,yes,yes,0
